Esplendor,Uga-Uga,Laços de Família,O Cravo e a Rosa,Um Anjo Caiu do Céu,Porto dos Milagres,Estrela-Guia,A Padroeira,As Filhas da Mãe,O Clone,Desejos de Mulher,Coração de Estudante,Esperança,O Beijo do Vampiro,Sabor da Paixão,Mulheres Apaixonadas,Agora É que São Elas,Kubanacan,Chocolate com Pimenta,Da Cor do Pecado,Senhora do Destino,Como uma Onda,A Lua Me Disse,Alma Gêmea,Bang Bang,Belíssima,Sinhá Moça,Cobras & Lagartos,Páginas da Vida,O Profeta,Pé na Jaca,Paraíso Tropical,Eterna Magia,Sete Pecados,Duas Caras,Desejo Proibido,Beleza Pura,Ciranda de Pedra,A Favorita,Negócio da China,Caminho das Índias,Paraíso,Caras & Bocas,Viver a Vida,Tempos Modernos,Escrito nas Estrelas,Ti Ti Ti,Araguaia,Insensato Coração,Morde & Assopra,Cordel Encantado,Fina Estampa,A Vida da Gente,Amor Eterno Amor,Avenida Brasil,Cheias de Charme,Lado a Lado,Guerra dos Sexos,Flor do Caribe,Sangue Bom,Amor à Vida,Joia Rara,Além do Horizonte,Em Família,Meu Pedacinho de Chão,Geração Brasil,O Rebu,Império,Boogie Oogie,Alto Astral,Sete Vidas,I Love Paraisópolis,Verdades Secretas,Além do Tempo,A Regra do Jogo,Totalmente Demais,Êta Mundo Bom!,Velho Chico,"Liberdade, Liberdade",Haja Coração,Sol Nascente,A Lei do Amor,Rock Story,Novo Mundo,A Força do Querer,Os Dias Eram Assim,Pega Pega,Tempo de Amar,O Outro Lado do Paraíso,Deus Salve o Rei,Orgulho e Paixão,Onde Nascem os Fortes,Segundo Sol,Espelho da Vida,O Sétimo Guardião,Verão 90,Órfãos da Terra,A Dona do Pedaço,Bom Sucesso,Éramos Seis,Amor de Mãe
Leticia Spiller,Claudio Heinrich,Vera Fischer,Adriana Esteves,Caio Blat,Marcos Palmeira,Sandy,Deborah Secco,Fernanda Montenegro,Giovanna Antonelli,Regina Duarte,Helena Ranaldi,Priscila Fantin,Tarcisio Meira,Leticia Spiller,Christiane Torloni,Debora Falabella,Marcos Pasquim,Mariana Ximenes,Tais Araujo,Susana Vieira,Alinne Moraes,Adriana Esteves,Priscila Fantin,Bruno Garcia,Gloria Pires,Debora Falabella,Mariana Ximenes,Regina Duarte,Thiago Fragoso,Marcos Pasquim,Alessandra Negrini,Maria Flor,Priscila Fantin,Marjorie Estiano,Fernanda Vasconcellos,Regiane Alves,Ana Paula Arosio,Claudia Raia,Jui Huang,Juliana Paes,Nathalia Dill,Flavia Alessandra,Alinne Moraes,Fernanda Vasconcellos,Nathalia Dill,Murilo Benicio,Milena Toscano,Paolla Oliveira,Marcos Pasquim,Bianca Bin,Lilia Cabral,Fernanda Vasconcellos,Gabriel Braga Nunes,Debora Falabella,Leandra Leal,Camila Pitanga,Irene Ravache,Henri Castelli,Marco Pigossi,Paolla Oliveira,Bruno Gagliasso,Juliana Paiva,Julia Lemmertz,Bruna Linzmeyer,Murilo Benicio,Patricia Pillar,Alexandre Nero,Isis Valverde,Sergio Guize,Isabelle Drummond,Bruna Marquezine,Camila Queiroz,Primeira fase,Alexandre Nero,Marina Ruy Barbosa,Sergio Guize,Camila Pitanga,Andreia Horta,Mariana Ximenes,Giovanna Antonelli,Claudia Abreu,Vladimir Brichta,Isabelle Drummond,Juliana Paes,Primeira fase,Mateus Solano,Vitoria Strada,Bianca Bin,Marina Ruy Barbosa,Nathalia Dill,Alice Wegmann,Giovanna Antonelli,Vitoria Strada,Bruno Gagliasso,Isabelle Drummond,Julia Dalavia,Juliana Paes,Grazi Massafera,Gloria Pires,Regina Case
Floriano Peixoto,Nivea Stelmann,Tony Ramos,Eduardo Moscovis,Tarcisio Meira,Flavia Alessandra,Guilherme Fontes,Luigi Baricelli,Raul Cortez,Murilo Benicio,Herson Capri,Fabio Assuncao,Reynaldo Gianecchini,Flavia Alessandra,Luigi Baricelli,Jose Mayer,Paulo Vilhena,Adriano Maroto,Murilo Benicio,Reynaldo Gianecchini,Renata Sorrah,Ricardo Pereira,Wagner Moura,Eduardo Moscovis,Fernanda Lima,Tony Ramos,Danton Mello,Daniel de Oliveira,Lilia Cabral,Paolla Oliveira,Fernanda Lima,Tais Viana / Tais Grimaldi,Malu Mader,Reynaldo Gianecchini,Dalton Vigh,Murilo Rosa,Edson Celulari,Daniel Dantas,Patricia Pillar,Bruna Marquezine,Rodrigo Lombardi,Eriberto Leao,Malvino Salvador,Mateus Solano,Thiago Rodrigues,Valentina Aguillar,Alexandre Borges,Murilo Rosa,Eriberto Leao,Adriana Esteves,Caua Reymond,Christiane Torloni,Marjorie Estiano,Salvador Borges,Adriana Esteves,Isabelle Drummond,Marjorie Estiano,Altamiranda de Fatima de Alcantara Alem Castro,Grazi Massafera,Sophie Charlotte,Malvino Salvador,Bianca Bin,Rodrigo Simas,Gabriel Braga Nunes,Irandhir Santos,Claudia Abreu,Sophie Charlotte,Leandra Leal,Bianca Bin,Nathalia Dill,Jayme Matarazzo,Mauricio Destri,Rodrigo Lombardi,Alinne Moraes,Giovanna Antonelli,Fabio Assuncao,Debora Nascimento,Domingos Montagner,Bruno Ferrari,Malvino Salvador,Bruno Gagliasso,Reynaldo Gianecchini,Nathalia Dill,Chay Suede,Emilio Dantas,Sophie Charlotte,Camila Queiroz,Bruno Cabrerizo,Gloria Pires,Romulo Estrela,Thiago Lacerda,Patricia Pillar,Emilio Dantas,Julia Castelo,Marina Ruy Barbosa,Rafael Vitti,Renato Goes,Agatha Moreira,Antonio Fagundes,Danilo Mesquita,Adriana Esteves
Murilo Benicio,Humberto Martins,Carolina Dieckmann,Drica Moraes,Renata Sorrah,Camila Pitanga,Rodrigo Santoro,Mauricio Mattar,Thiago Lacerda,Diogo,Alessandra Negrini,Adriana Esteves,Ana Paula Arosio,Princesa Cecilia de Alencastro,Marcelo Serrado,Camila Pitanga,Vera Fischer,Leon Maroto,Priscila Fantin,Apolo Sardinha,Carolina Dieckmann,Mel Lisboa,Marcos Pasquim,Flavia Alessandra,Carol Castro,Fernanda Montenegro,Osmar Prado,Carolina Dieckmann,Ana Paula Arosio,Carol Castro,Murilo Benicio,Fabio Assuncao,Thiago Lacerda,Giovanna Antonelli,Alinne Moraes,Daniel de Oliveira,Carolina Ferraz,Tammy Di Calafiori,Mariana Ximenes,Grazi Massafera,Cleo,Cassia Kis,Deborah Evelyn,Jorge,Antonio Fagundes,Jayme Matarazzo,Claudia Raia,Cleo,Gabriel Braga Nunes,Vanessa Giacomo,Bruno Gagliasso,Dalton Vigh,Rafael Cardoso,Leticia Persiles,Caua Reymond,Tais Araujo,Lazaro Ramos,Tony Ramos,Igor Rickli,Fernanda Vasconcellos,Mateus Solano,Carmo Dalla Vecchia,Thiago Rodrigues,Bruna Marquezine,Johnny Massaro,Tais Araujo,Daniel de Oliveira,Rafael Cardoso,Marco Pigossi,Thiago Lacerda,Domingos Montagner,Caio Castro,Drica Moraes,Rafael Cardoso,Vanessa Giacomo,Juliana Paes,Flavia Alessandra,Antonio Fagundes,Nathalia Dill,Joao Baldasserini,Rafael Cardoso,Vera Holtz,Lorena Monteiro,Gabriel Braga Nunes,Rodrigo Lombardi,Renato Goes,Vanessa Giacomo,Bruno Ferrari,Marieta Severo,Bruna Marquezine,Alessandra Negrini,Gabriel Leone,Deborah Secco,Rafael Cardoso,Lilia Cabral,Jesuita Barbosa,Alice Wegmann,Nathalia Dill,Romulo Estrela,Nicolas Prattes,Tais Araujo
Cassia Kis,Viviane Pasmanter,Reynaldo Gianecchini,Leandra Leal,Shirley,Antonio Fagundes,Carolina Ferraz,Patricia Franca,Claudia Raia,Leo,Jose de Abreu,Marcello Antony,Maria Fernanda Candido,Marco Ricca,Arlete Sales,Rodrigo Santoro,Miguel Falabella,Danielle Winits,Elizabeth Savalla,Giovanna Antonelli,Maria do Carmo Ferreira da Silva,Henri Castelli,Zeze Polessa,Ana Lucia Torre,Alinne Moraes,Marcello Antony,Patricia Pillar,Henri Castelli,Thiago Rodrigues,Dalton Vigh,Juliana Paes,Wagner Moura,Cassia Kis,Sidney Sampaio,Debora Falabella,Eva Wilma,Isis Valverde,Max Fercondini,Murilo Benicio,Ricardo Pereira,Debora Bloch,Guilherme Winter,Marcos Pasquim,Tais Araujo,Eliane Giardini,Damian Ramirez Lopez,Juliana Alves,Lima Duarte,Gloria Pires,Mateus Solano,Nathalia Dill,Marcelo Serrado,Ana Beatriz Nogueira,Alice,Murilo Benicio,Claudia Abreu,Thiago Fragoso,Domingos Placido de Alcantara,Sergio Mamberti,Isabelle Drummond,Vanessa Giacomo,Nathalia Dill,Mariana Rios,Luiza,Paula Barbosa,Humberto Carrao,Marcos Palmeira,Andreia Horta,Giulia Gam,Claudia Raia,Debora Bloch,Tata Werneck,Marieta Severo,Paolla Oliveira,Caua Reymond,Felipe Simas,Eriberto Leao,Christiane Torloni,Mateus Solano,Jayme Matarazzo,Laura Cardoso,Jose Mayer,Alinne Moraes,Caio Castro,Paolla Oliveira,Daniel de Oliveira,Thiago Martins,Andreia Horta,Sergio Guize,Ricardo Pereira,Natalia do Vale,Alexandre Nero,Adriana Esteves,Danilo Breton,Marlene Rocha,Claudia Raia,Carmo Dalla Vecchia,Paolla Oliveira,David Junior,Giullia Buscacio,Isis Valverde
Tonia Carrero,Angelo Paes Leme,Luigi Baricelli,Ney Latorraca,Deborah Evelyn,Barbara Borges,Sergio Mamberti,Luis Melo,Claudia Ohana,Reginaldo Faria,Regiane Alves,Paulo Vilhena,Laura Cardoso,Deborah Secco,Claudio Lins,Marcello Antony,Daniel Avila,Werner Schunemann,Fulvio Stefanini,Karina Bacchi,Marcello Antony,Sergio Marone,Isabel Fillardis,Emilio Orciollo Netto,Ricardo Tozzi,Carolina Ferraz,Reginaldo Faria,Carmo Dalla Vecchia,Edson Celulari,Rodrigo Phavanello,Fernanda de Freitas,Vera Holtz,Caua Reymond,Paulo Betti,Susana Vieira,Guilherme Berenguer,Humberto Martins,Bruno Gagliasso,Mauro Mendonca,Juliana Didone,Caio Blat,Manuela do Monte,Henri Castelli,Natalia do Vale,Felipe Camargo,Zeze Polessa,Malu Mader,Laura Cardoso,Bruna Linzmeyer,Cassia Kis,Carmo Dalla Vecchia,Eva Wilma,Maria Eduarda de Carvalho,Luis Melo,Marcos Caruso,Marcos Palmeira,Zezeh Barbosa,Eriberto Leao,Taina Muller,Malu Mader,Danielle Winits,Carolina Dieckmann,Alexandre Borges,Reynaldo Gianecchini,Geytsa Garcia,Felipe Abib,Jose de Abreu,Marina Ruy Barbosa,Jose Loreto,Leopoldo Pacheco,Maria Flor,Nicette Bruno,Eva Wilma,Dani Barros,Jose de Abreu,Carla Salle,Camila Queiroz,Selma Egrei,Ricardo Pereira,Alexandre Borges,Marcelo Faria,Grazi Massafera,Ana Beatriz Nogueira,Cesar Cardadeiro,Maria Fernanda Candido,Marco Ricca,Irene Ravache,Olivia Torres,Juliano Cazarre,Joao Vithor Oliveira,Rodrigo Simas,Enrique Diaz,Fabricio Boliveira,Brigite,Dan Stulbach,Caio Paduan,Paulo Betti,Marco Nanini,Sheron Menezzes,Carol Macedo,Vladimir Brichta
,,,,,,,,,Anja Bittencourt,,,,,,Sylvio Meanda,,,,,Eduardo Fraga,,,,,,,,Thalita Carauta,,,,,Rafael Ciani,Mauricio Goncalves,,,,,,Douglas Silva,,,,,,,,Rogerio Freitas,,,,,,,,,,,Julio Oliveira,Neusa Maria Faro,Max Lima,,,,,,,,,,,,Michel Melamed,,,,,,,,,,,,,,,,,,,,Andrea Bacellar,,,,,,,
Joana Fomm,Marcello Novaes,Marieta Severo,Angelo Antonio,Christiane Torloni,Bartolomeu Guerrero,Thais Fersoza,Mariana Ximenes,Alexandre Borges,Daniela Escobar,Gloria Pires,Carolina Kasting,Nuno Lopes,Alexandre Borges,Cassia Kiss,Helena Ranaldi,Marisa Orth,Adriana Esteves,Caco Ciocler,Guilherme Weber,Jose Wilker,Maria Fernanda Candido,Natalia Lage,Alexandre Barillari,Guilherme Berenguer,Claudia Abreu,Bruno Gagliasso,Tais Araujo,Fernanda Vasconcellos,Fernanda Souza,Deborah Secco,Camila Pitanga,Anna Rita Cerqueira,Claudia Raia,Lazaro Ramos,Leticia Sabatella,Marcelo Faria,Marcello Antony,Carmo Dalla Vecchia,Anderson Lau,Caco Ciocler,Vanessa Giacomo,Ingrid Guimaraes,Jose Mayer,Priscila Fantin,Humberto Martins,Isis Valverde,Thiago Fragoso,Deborah Secco,Flavia Alessandra,Jayme Matarazzo,Jose Mayer,Jesuela Moro,Cassia Kis,Marcello Novaes,Ricardo Tozzi,Patricia Pillar,Mariana Ximenes,Dudu Azevedo,Humberto Carrao,Juliano Cazarre,Rafael Cardoso,Christiana Ubach,Humberto Martins,Juliana Paes,Chandelly Braz,Dira Paes,Lilia Cabral,Marco Ricca,Debora Nascimento,Ghilherme Lobo,Maria Casadevall,Reynaldo Gianecchini,Irene Ravache,Marco Pigossi,Humberto Martins,Bianca Bin,Marcelo Serrado,Dalton Vigh,Agatha Moreira,Henri Castelli,Alice Wegmann,Rafael Vitti,Leticia Colin,Marco Pigossi,Gabriel Leone,Mariana Santos,Jayme Matarazzo,Thiago Fragoso,Johnny Massaro,Mauricio Destri,Fabio Assuncao,Vladimir Brichta,Joao Vicente de Castro,Tony Ramos,Dira Paes,Anaju Dorigon,Sergio Guize,Armando Babaioff,Andre Luiz Frambach,Humberto Carrao
Gracindo Junior,Mariana Ximenes,Jose Mayer,Rodrigo Faro,Jose Wilker,Cassia Kis,Thiago Fragoso,Rodrigo Faro,Andrea Beltrao,Dalton Vigh,Eduardo Moscovis,Bruno Garcia,Oscar Magrini,Claudia Raia,Edson Celulari,Dan Stulbach,Thiago Fragoso,Carolina Ferraz,Tarcisio Filho,Alinne Moraes,Jose Mayer,Kadu Moliterno,Paulo Vilhena,Drica Moraes,Mauro Mendonca,Camila Pitanga,Isis Valverde,Lazaro Ramos,Marcos Caruso,Juliana Didone,Flavia Alessandra,Bruno Gagliasso,Eliane Giardini,Gabriela Duarte,Stenio Garcia,Alexandre Borges,Carol Castro,Ana Beatriz Nogueira,Caua Reymond,Fernanda Rodrigues,Alexandre Borges,Alexandre Nero,Isabelle Drummond,Lilia Cabral,Marcos Caruso,Pedro Cassiano Aguillar,Caio Castro,Julia Lemmertz,Camila Pitanga,Naomi Robo,Debora Bloch,Carolina Dieckmann,Thiago Lacerda,Carmo Dalla Vecchia,Vera Holtz,Inacio Paixao / Rajao,Cassio Gabus Mendes,Reynaldo Gianecchini,Thaissa Carvalho,Jayme Matarazzo,Antonio Fagundes,Jose de Abreu,Antonio Calloni,Vivianne Pasmanter,Osmar Prado,Isabelle Drummond,Tony Ramos,Drica Moraes,Alessandra Negrini,Christiane Torloni,Michel Noher,Leticia Spiller,Grazi Massafera,Ana Beatriz Nogueira,Bruna Linzmeyer,Vivianne Pasmanter,Rainer Cadete,Lucy Alves,Lilia Cabral,Fernanda Vasconcellos,Giovanna Lancellotti,Humberto Carrao,Joao Vicente de Castro,Agatha Moreira,Isis Valverde,Antonio Calloni,Marcelo Serrado,Henri Castelli,Rafael Cardoso,Tata Werneck,Pamela Tome,Debora Bloch,Leticia Colin,"Gustavo Bruno de Luris, Marques de Torga",Eduardo Moscovis,Totia Meireles,Kaysar Dadour,Lee Taylor,Fabiula Nascimento,Cassio Gabus Mendes,Chay Suede
Caio Blat,Marcos Pasquim,Deborah Secco,Luis Melo,Debora Falabella,Luiza Tome,Fernanda Rodrigues,Murilo Rosa,Bete Coelho,Debora Falabella,Cassio Gabus Mendes,Vladimir Brichta,Gabriela Duarte,Julia Lemmertz,Carolina Ferraz,Carolina Dieckmann,Mauricio Mattar,Vladimir Brichta,Drica Moraes,Lima Duarte,Leandra Leal,Herson Capri,Monique Alfradique,Malvino Salvador,Giulia Gam,Leopoldo Pacheco,Eriberto Leao,Marilia Pera,Jose Mayer,Daniel Avila,Bruno Garcia,Tony Ramos,Werner Schunemann,Marcello Novaes,Marilia Pera,Jose de Abreu,Bruno Mazzeo,Ariela Massotti,Thiago Rodrigues,Rodrigo Mendonca,Leticia Sabatella,Fernanda Paes Leme,Miguel Romulo,Giovanna Antonelli,Vivianne Pasmanter,Debora Falabella,Guilherme Winter,Raphael Viana,Lazaro Ramos,Carla Marins,Domingos Montagner,Malvino Salvador,Nicette Bruno,Leoncio,Jose de Abreu,Humberto Carrao,Alessandra Negrini,Gloria Pires,Sthefany Brito,Giulia Gam,Susana Vieira,Thiago Lacerda,Alexandre Nero,Giovanna Antonelli,Antonio Fagundes,Dudu Azevedo,Bel Kowarick,Marjorie Estiano,Heloisa Perisse,Edson Celulari,Thiago Rodrigues,Henri Castelli,Agatha Moreira,Felipe Camargo,Carolina Dieckmann,Daniel Rocha,Eliane Giardini,Dira Paes,Zeze Polessa,Tata Werneck,Maria Joana,Isabella Santoni,Caio Paduan,Ingrid Guimaraes,Fiuk,Cassia Kis Magro,Nanda Costa,Marisa Orth,Fernanda Montenegro,Bia Arantes,Gabriela Duarte,Jesuita Barbosa,Chay Suede,Alinne Moraes,Leon,Camila Queiroz,Danton Mello,Marcos Palmeira,Lucio Mauro Filho,Simone Spoladore,Irandhir Santos
Christine Fernandes,Danielle Winits,Lilia Cabral,Suely Franco,Henri Castelli,Leonardo Bricio,Sergio Marone,Elizabeth Savalla,Regina Case,Marcello Novaes,Deborah Evelyn,Claudio Marzo,Chico Carvalho,Kayky Brito,Liliana Castro,Erik Marmo,Francisca Queiroz,Humberto Martins,Marcello Novaes,Rosi Campos,Eduardo Moscovis,Mayte Piragibe,Debora Bloch,Luigi Baricelli,Fernanda de Freitas,Claudia Raia,Vanessa Giacomo,Herson Capri,Vivianne Pasmanter,Samara Felippo,Betty Lago,Gloria Pires,Irene Ravache,Samara Felippo,Antonio Fagundes,Pedro Neschling,Christiane Torloni,Anna Sophia Folch,Ary Fontoura,Thiago Fragoso,Marcio Garcia,Lucci Ferreira,Julio Rocha,Thiago Lacerda,Regiane Alves,Alexandre Nero,Guilhermina Guinle,Suzana Pires,Antonio Fagundes,Marina Ruy Barbosa,Mauricio Destri,Caio Castro,Paulo Betti,Mayana Neiva,Heloisa Perisse,Jonatas Faro,Rafael Cardoso,Edson Celulari,Thiago Martins,Herson Capri,Thiago Fragoso,Luiza Valdetaro,Carolina Ferraz,Taina Muller,Rodrigo Lombardi,Ricardo Tozzi,Jesuita Barbosa,Caio Blat,Daniel Dantas,Silvia Pfeifer,Maria Eduarda de Carvalho,Caroline Abras,Gabriel Leone,Emilio Dantas,Susana Vieira,Juliana Paiva,Marco Nanini,Lee Taylor,Marco Ricca,Gabriel Godoy,Leticia Spiller,Thiago Lacerda,Nicolas Prattes,Vivianne Pasmanter,Carol Duarte,Natalia do Vale,Joao Baldasserini,Tony Ramos,Lima Duarte,Marina Moschen,Marcelo Faria,Carla Salle,Danilo Mesquita,Isadora Monteiro,Marcello Novaes,Humberto Martins,Emanuelle Araujo,Reynaldo Gianecchini,Ingrid Guimaraes,Ricardo Pereira,Juliano Cazarre
Caco Ciocler,Heitor Martinez,Giovanna Antonelli,Maria Padilha,Patricia Pillar,Jose de Abreu,Lilia Cabral,Lu Grimaldi,Tony Ramos,Juca de Oliveira,Mel Lisboa,Angela Vieira,Raul Cortez,Cecilia Dassi,Tuca Andrada,Giulia Gam,Paulo Gorgulho,Betty Lago,Lilia Cabral,Caio Blat,Leticia Spiller,Dudu Azevedo,Mauricio Mattar,Fernanda Souza,Daniele Suzuki,Reynaldo Gianecchini,Caio Blat,Cleo,Caco Ciocler,Malvino Salvador,Rodrigo Lombardi,Marcello Antony,Milena Toscano,Cristiana Oliveira,Flavia Alessandra,Fernanda Paes Leme,Zeze Polessa,Caio Blat,Gloria Menezes,Fernanda de Freitas,Isis Valverde,Daniel,Fulvio Stefanini,Barbara Paz,Otavio Muller,Gisele Froes,Dira Paes,Mariana Rios,Natalia do Vale,Klebber Toledo,Luiza Valdetaro,Adriana Birolli,Regiane Alves,Ana Lucia Torre,Eliane Giardini,Jayme Matarazzo,Sheron Menezzes,Luana Piovani,Max Fercondini,Deborah Evelyn,Marcello Antony,Domingos Montagner,Flavia Alessandra,Helena Ranaldi,Ines Peixoto,Renata Sorrah,Cassia Kis Magro,Daniel Rocha,Fabiula Nascimento,Elizabeth Savalla,Vanessa Gerbelli,Soraya Ravenle,Rainer Cadete,Nivea Maria,Tony Ramos,Daniel Blanco,Dr. Pandolfo,Irandhir Santos,Caio Blat,Cleo,Marcello Novaes,Camila Morgado,Marina Moschen,Guilherme Piva,Dan Stulbach,Susana Vieira,Marcos Veras,Leticia Sabatella,Grazi Massafera,Giovanni De Lorenzi,Agatha Moreira,Maeve Jinkings,Luisa Arraes,Kefera Buchmann,Isabela Garcia,Flavio Tolezani,Eliane Giardini,Malvino Salvador,Angela Vieira,Joana de Verona,Arieta Correa
,,,,,,,,,Nica Bonfim,,,,,,Eduardo Estrela,,,,,Naura Schneider,,,,,,,,Angela Leal,,,,,Maria Regina Caldas,Guilherme Duarte,,,,,,Priscila Steinman,,,,,,,,Carol Fazu,,,,,,,,,,,Guilherme Gonzalez,Josie Antello,,,,,,,,,,,,,Carolina Kasting,,,,,,,,,,,,,,,,,,,,Firmina,,,,,,,
,,,,,,,,,Eduardo Canuto,,,,,,Andrea Bassit,,,,,Juliana Diniz,,,,,,,,Jorge de Sa,,,,,,Dani Ornellas,,,,,,Douglas Rosa,,,,,,,,Claudio Tovar,,,,,,,,,,,,Beth Zalcman,,,,,,,,,,,,,Val Perre,,,,,,,,,,,,,,,,,,,,Marcio Machado,,,,,,,
Italo Rossi,Marcelo Faria,Helena Ranaldi,Tassia Camargo,Marcello Antony,Miguel Thire,Rosamaria Murtinho,Susana Vieira,Reynaldo Gianecchini,Vera Fischer,Jose Wilker,Julia Feldens,Marcos Palmeira,Gabriel Braga Nunes,Vanessa Loes,Tony Ramos,Thais Fersoza,Iran Malfitano,Laura Cardoso,Caua Reymond,Debora Falabella,Caua Reymond,Giuseppe Oristanio,Sidney Sampaio,Guilherme Fontes,Alexandre Borges,Lu Grimaldi,Cassia Kis,Thiago Lacerda,Rodrigo Faro,Carla Marins,Gustavo Leao,Thiago Rodrigues,Claudia Jimenez,Renata Sorrah,Deborah Evelyn,Monica Martelli,Cleo,Giulia Gam,Natalia do Valle,Bruno Gagliasso,Cristiana Oliveira,Sergio Marone,Nelson Baskerville,Danton Mello,Sofia Loren,Humberto Carrao,Eva Wilma,Herson Capri,Narjara Turetta,Luiz Fernando Guimaraes,Dan Stulbach,Gisele Froes,Osmar Prado,Isis Valverde,Marcos Pasquim,Milton Goncalves,Bianca Bin,Raphael Viana,Felipe Camargo,Elizabeth Savalla,Mariana Ximenes,Guilherme Fontes,Vanessa Gerbelli,Tomas Sampaio,Lazaro Ramos,Mariana Lima,Maria Ribeiro,Caco Ciocler,Maite Proenca,Leticia Colin,Lima Duarte,Ana Lucia Torre,Louise Cardoso,Renata Sorrah,Leona Cavalli,Klebber Toledo,Marcos Palmeira,Yanna Lavigne,Grace Gianoukas,Claudia Ohana,Tarcisio Meira,Herson Capri,Vanessa Gerbelli,Lilia Cabral,Maria Casadevall,Marcos Caruso,Barbara Franca,Eliane Giardini,Marco Nanini,Juliano Laham,Lee Taylor,Fabiula Nascimento,Felipe Camargo,Leticia Spiller,Dandara Mariana,Ana Cecilia Costa,Eustaquio Macondo Junior,Helena Fernandes,Paulo Rocha,Murilo Benicio
Angela Figueiredo,Vera Holtz,Alexandre Borges,Eva Todor,Caco Ciocler,Zeze Polessa,Floriano Peixoto,Otavio Augusto,Claudia Jimenez,Cristiana Oliveira,Otavio Muller,Caio Blat,Simone Spoladore,Bianca Castanho,Paula Burlamaqui,Vanessa Gerbelli,Rodrigo Prado,Rafaela Mandelli,Osmar Prado,Pedro Neschling,Leonardo Vieira,Sheron Menezzes,Beth Goulart,Cecilia Dassi,Joana Fomm,Irene Ravache,Humberto Martins,Iran Malfitano,Christine Fernandes,Fernanda Rodrigues,Silvia Pfeifer,Paulo Vilhena,Luis Melo,Rodrigo Phavanello,Dudu Azevedo,Cassio Gabus Mendes,Maria Clara Gueiros,Leandra Leal,Elizangela,Herson Capri,Marjorie Estiano,Kadu Moliterno,Sheron Menezzes,Leticia Spiller,Alessandra Maestrini,Antonio Calloni,Maria Helena Chira,Bruna Marquezine,Deborah Evelyn,Elizabeth Savalla,Felipe Camargo,Julia Lemmertz,Alice Wegmann,Denise Weinberg,Thiago Martins,Giselle Batista,Caio Blat,Thiago Rodrigues,Daniela Escobar,Leticia Sabatella,Tata Werneck,Leandro Lima,Day Mesquita,Leonardo Medeiros,Bruno Fagundes,Elisa Pinheiro,Julio Andrade,Josie Pessoa,Maria Joao Bastos,Conrado Caputto,Mariana Lima,Fabiula Nascimento,Guilhermina Guinle,Luiz Carlos Vasconcelos,Eduardo Moscovis,Paulo Rocha,Anderson Di Rizzi,Mariene de Castro,Juliana Carneiro da Cunha,Malu Mader,Luis Melo,Bianca Muller,Danilo Mesquita,Caco Ciocler,Humberto Martins,Barbara Reis,Elizabeth Savalla,Guilherme Leicam,Luis Melo,Caio Blat,Pedro Henrique Muller,Irandhir Santos,Caco Ciocler,Eugenio Castelo,Jose Loreto,Marina Moschen,Marco Ricca,Rosi Campos,Eduardo Galvao,Rayssa Bratillieri,Nanda Costa
Zeze Motta,Lima Duarte,Regiane Alves,Pedro Paulo Rangel,Cassio Gabus Mendes,Eduardo Galvao,Junior Lima,Giulia Gam,Priscila Fantin,Marcos Frota,Silvia Pfeifer,Alinne Moraes,Ranieri Gonzalez,Mario Frias,Lima Duarte,Regiane Alves,Max Fercondini,Fernanda de Freitas,Denise Del Vecchio,Aracy Balabanian,Dado Dolabella,Fernanda de Freitas,Aracy Balabanian,Kayky Brito,Marisa Orth,Lima Duarte,Zeze Motta,Elizangela,Danielle Winits,Mauricio Mattar,Alexandre Barros,Patricia Werneck,Osmar Prado,Nivea Stelmann,Cris Vianna,Lima Duarte,Leopoldo Pacheco,Paolla Oliveira,Tais Araujo,Luciana Braga,Tony Ramos,Guilherme Berenguer,Marcos Breda,Marcello Airoldi,Leonardo Medeiros,Esteban Lopez,Juliana Paiva,Luciano Scalioni,Fernanda Paes Leme,Ary Fontoura,Isabelle Drummond,Paulo Rocha,Stenio Garcia,Marina Ruy Barbosa,Daniel Rocha,Alexandra Richter,Christiana Guinle,Paulo Rocha,Bruno Gissoni,Bruno Garcia,Caio Castro,Ricardo Pereira,Marcello Novaes,Marcelo Mello,Ricardo Blat,Miguel Roncato,Maria Flor,Carmo Dalla Vecchia,Deborah Secco,Nathalia Costa,Regina Duarte,Alexandre Borges,Fernando Eiras,Julia Lemmertz,Deborah Evelyn,Marat Descartes,Elizabeth Savalla,Gabriel Leone,Sheron Menezzes,Carolina Ferraz,Francisco Cuoco,Emanuelle Araujo,Joana Borges,Giullia Buscacio,Debora Falabella,Mariana Lima,Angela Vieira,Deborah Evelyn,Caio Paduan,Fernanda Nobre,Chandelly Braz,Lara Tremouroux,Maria Luisa Mendonca,Julia Lemmertz,Yanna Lavigne,Alexandre Borges,Carol Castro,Rainer Cadete,Gabriel Contente,Susana Vieira,Jessica Ellen
Osmar Prado,Silvia Pfeifer,Julia Feldens,Carlos Vereza,Angelica,Arlete Salles,Christine Fernandes,Daniel de Oliveira,Mario Frias,Nivea Stelmann,Daniel Del Sarto,Rodrigo Prado,Emilio Orciollo Netto,Gloria Menezes,Aracy Balabanian,Lavinia Vlasak,Sthefany Brito,Daniel Del Sarto,Carla Daniel,Maite Proenca,Dan Stulbach,Denise Del Vecchio,Arlete Salles,Nivea Stelmann,Ney Latorraca,Leticia Birkheuer,Eduardo Pires,Ailton Graca,Regiane Alves,Vera Zimmermann,Betty Faria,Juliana Didone,Aracy Balabanian,Malvino Salvador,Barbara Borges,Nivea Maria,Kadu Moliterno,Guilherme Weber,Deborah Secco,Oscar Magrini,Eliane Giardini,Juliana Boller,Sidney Sampaio,Camila Morgado,Guilherme Weber,Carol Castro,Rafael Cardoso,Emilio Orciollo Netto,Ricardo Pereira,Sergio Marone,Miguel Romulo,Renata Sorrah,Leonardo Medeiros,Miguel Romulo,Nathalia Dill,Malu Galli,Juliane Araujo,Drica Moraes,Angela Vieira,Armando Babaioff,Maria Casadevall,Leticia Spiller,Sheron Menezzes,Natalia do Vale,Dani Ornellas,Luis Miranda,Camila Morgado,Adriana Birolli,Fabricio Boliveira,Otavio Augusto,Angelo Antonio,Frank Menezes,Dida Camero,Carlos Vereza,Barbara Paz,Pablo Sanabio,Rosi Campos,Giullia Buscacio,Maite Proenca,Nando Rodrigues,Aracy Balabanian,Ricardo Tozzi,Giovana Cordeiro,Rodrigo Simas,Elizangela,Carla Salle,Reginaldo Faria,Nelson Freitas,Erika Januza,Vinicius Redd,Malvino Salvador,Camila Mardila,Giovanna Lancellotti,Piedade Castelo,Caio Blat,Klebber Toledo,Rodrigo Simas,Monica Iozzi,Giovanna Coimbra,Maria Eduarda de Carvalho,Thiago Martins
Claudia Alencar,Wolf Maya,Flavio Silvino,Taumaturgo Ferreira,Chris Couto,Fulvio Stefanini,Gabriel Braga Nunes,Felipe Camargo,Lavinia Vlasak,Stenio Garcia,Marcio Kieling,Claudio Heinrich,Miriam Freeland,Mayte Piragibe,Sergio Mamberti,Nicola Siri,Karina Bacchi,Daniel Boaventura,Samara Felippo,Ney Latorraca,Carol Castro,Hugo Carvana,Elizangela,Angelo Antonio,Marco Ricca,Vera Holtz,Alexandre Moreno,Tania Khalill,Natalia do Vale,Luigi Baricelli,Gero Pestalozzi,Fernanda Machado,Cleyde Yaconis,Juan Alba,Guilherme Gorski,Grazi Massafera,Rafael Cardoso,Ana Furtado,Iran Malfitano,Vera Zimmerman,Danton Mello,Mauro Mendonca,Rachel Ripani,Rodrigo Hilbert,Grazi Massafera,Marcelo Faria,Mayana Neiva,Maria Joana,Petronio Gontijo,Carol Castro,Tuca Andrada,Alexandre Nero,Angelo Antonio,Mariana Molina,Alexandre Borges,Juliana Alves,Marcello Melo Jr.,Fernando Eiras,Juca de Oliveira,Regiane Alves,Marcio Garcia,Miguel Romulo,Vinicius Redd,Ana Beatriz Nogueira,Cintia Dicker,Leandro Hassum,Vera Holtz,Maria Marta,Rodrigo Simas,Marcelo Medici,Eline Porto,Dalton Vigh,Joao Vitor Silva,Leticia Persiles,Marcello Novaes,Julianne Trevisol,Ary Fontoura,Lucas Veloso,Romulo Estrela,Marisa Orth,Emilio Orciollo Netto,Regina Braga,Alexandra Richter,Jonas Bloch,Zeze Polessa,Marcos Palmeira,David Junior,Regina Duarte,Laura Cardoso,Debora Olivieri,Anaju Dorigon,Jose Dumont,Odilon Wagner,Angelo Antonio,Bruna Linzmeyer,Debora Nascimento,Eli Ferreira,Natalia do Vale,Bruna Inocencio,Eduardo Sterblitch,Erika Januza
,,,,,,,,,Carla Diaz,,,,,,Fabiana Karla,,,,,,,,,,,,,Ze Victor Castiel,,,,,,Marilice Consenza,,,,,,Vinicius Vommaro,,,,,,,,Marcos Otavio,,,,,,,,,,,,Klara Castanho,,,,,,,,,,,,,Kadu Schons,,,,,,,,,,,,,,,,,,,,Rosana Dias,,,,,,,
,,,,,,,,,Thiago Oliveira,,,,,,Marise Goncalves,,,,,,,,,,,,,Narjara Turetta,,,,,,Luciana Pacheco,,,,,,Fabio Felipe,,,,,,,,,,,,,,,,,,,,Thavyne Ferrari,,,,,,,,,,,,,Joao Gabriel D'Aleluia,,,,,,,,,,,,,,,,,,,,Celine,,,,,,,
Thiago de Los Reyes,Betty Lago,Soraya Ravenle,Vanessa Gerbelli,Supla,Monica Carvalho,Nelson Xavier,Laura Cardoso,Tuca Andrada,Eliane Giardini,Luiza Mariani,Fernanda de Freitas,Lucia Verissimo,Celso Bernini,Edney Giovenazzi,Paloma Duarte,Danni Carlos,Bruno Garcia,Rodrigo Faro,Graziela Moretto,Jose de Abreu,Bianca Byington,Pedro Neschling,Bia Seidl,Babi Xavier,Caua Reymond,Lucy Ramos,Angela Vieira,Marcos Paulo,Paula Burlamaqui,Ricardo Tozzi,Eduardo Galvao,Rita Guedes,Max Fercondini,Marcela Barrozo,Rodrigo Lombardi,Monique Alfradique,Osmar Prado,Lilia Cabral,Ney Latorraca,Christiane Torloni,Reginaldo Faria,Ana Lucia Torre,Maria Luisa Mendonca,Malu Galli,Carolina Kasting,Alexandre Slaviero,Otavio Augusto,Jonatas Faro,Jandira Martini,Zeze Polessa,Dira Paes,Leona Cavalli,Andreia Horta,Debora Bloch,Chandelly Braz,Ana Carbatti,Jesus Luz,Jose Loreto,Romulo Neto,Carol Castro,Caio Blat,Yanna Lavigne,Angela Vieira,Emiliano Queiroz,Rodrigo Pandolfo,Laura Neiva,Joaquim Lopes,Jose Victor Pires,Monica Iozzi,Malu Galli,Danton Mello,Flavio Tolezani,Romulo Estrela,Suzana Pires,Gloria Menezes,Priscila Fantin,Yara Charry,Leticia Isnard,Chandelly Braz,Luma Costa,Tuca Andrada,Suzy Rego,Sheron Menezzes,Tonico Pereira,Leticia Spiller,Danton Mello,Ricardo Vianna,Mayana Neiva,Giulio Lopes,Marcos Pitombo,Clarissa Pinheiro,Claudia di Moura,Padre Luiz,Elizabeth Savalla,Gabriel Godoy,Bia Arantes,Jose de Abreu,Igor Fernandez,Julia Stockler,Malu Galli
Max Fercondini,Nair Bello,Ze Victor Castiel,Bia Nunnes,Debora Lamm,Guilherme Piva,Monica Torres,Claudio Gabriel,Patricya Travassos,Leticia Sabatella,Hugo Carvana,Marilia Passos,Paulo Goulart,Eduardo Galvao,Suely Franco,Carol Castro,Raoni Carneiro,Marco Ricca,Nivea Stelmann,Leonardo Bricio,Raul Cortez,Gustavo Haddad,Juliana Baroni,Fernanda Machado,Rodrigo Lombardi,Paolla Oliveira,Sergio Menezes,Maria Maya,Joana Mocarzel,Luciana Braga,Carlos Bonow,Hugo Carvana,Chris Couto,Mel Lisboa,Diogo Almeida,Leticia Birkheuer,Bianca Comparato,Monica Torres,Jackson Antunes,Leona Cavalli,Humberto Martins,Soraya Ravenle,Maria Zilda Bethlem,Adriana Birolli,Guilherme Leicam,Manuela do Monte,Sophie Charlotte,Angelo Antonio,Giovanna Lancellotti,Andre Goncalves,Marcos Caruso,Arlete Salles,Sthefany Brito,Raphael Viana,Carolina Ferraz,Taina Muller,Maria Padilha,Antonia Morais,Debora Nascimento,Mauricio Destri,Bruna Linzmeyer,Fabiula Nascimento,Caco Ciocler,Herson Capri,Flavio Bauraqui,Chang-Soo,Guilherme Prates,Jose Mayer,Julia Dalavia,Totia Meireles,Fernando Alves Pinto,Lucy Ramos,Felipe de Carolis,Luis Melo,Fernanda Souza,Reginaldo Faria,Tarcisio Filho,Zezita de Matos,Jairo Mattos,Sabrina Petraglia,Rafael Zulu,Heloisa Perisse,Paulo Betti,Ricardo Pereira,Edson Celulari,Leticia Braga,Dani Barros,Giulia Gayoso,Julia Dalavia,Marcos Oliveira,Christine Fernandes,Marcos de Andrade,Nanda Costa,Irene Ravache,Nany People,Gertrudes Camargo,Guilherme Fontes,Betty Faria,Lucas Leto,Barbara Reis,Leticia Lima
Juliana Knust,Luiz Guilherme,Leonardo Villar,Miriam Freeland,Susana Werner,Julia Lemmertz,Tarcisio Filho,Karina Barum,Diogo Vilela,Antonio Calloni,Amelia Bittencourt,Michelle Birkheuer,Giselle Itie,Betty Gofman,Pedro Paulo Rangel,Susana Vieira,Zeze Polessa,Angela Vieira,Claudio Correia e Castro,Rocco Pitanga,Gloria Menezes,Louise Cardoso,Rafael Paiva,Rodrigo Phavanello,Cris Bonna,Bianca Comparato,Bruno Udovic,Leonardo Miggiorin,Gabriel Kaufmann,Rosi Campos,Daniele Valente,Yona Magalhaes,Pierre Kiwitt,Cecilia Dassi,Caco Ciocler,Caio Junqueira,Gustavo Leao,Daniele Suzuki,Tarcisio Meira,Yona Magalhaes,Dira Paes,Leopoldo Pacheco,Marco Pigossi,Paloma Bernardi,Aline Peixoto,Paulo Vilela,Marco Pigossi,Paula Pereira,Thiago Martins,Joaquim Lopes,Lucy Ramos,Sophie Charlotte,Daniela Escobar,Carol Castro,Camila Morgado,Tato Gabus Mendes,Maria Clara Gueiros,Mayana Moura,Caca Amaral,Bia Arantes,Rainer Cadete,Ana Lucia Torre,Cassio Gabus Mendes,Louise D'Tuani,Leticia Almeida,Luis Carlos Miele,Bianca Muller,Klebber Toledo,Alice Wegmann,Guilherme Leicam,Leonardo Medeiros,Gil Coelho,Genezio de Barros,Ines Peixoto,Juliano Cazarre,Giovanna Rispoli,Romulo Neto,Luci Pereira,Bukassa Kabengele,Marcos Pitombo,Juliana Alves,Claudia Raia,Julia Rabello,Julia Lemmertz,Bruna Linzmeyer,Bukassa Kabengele,Valentina Herszage,Amanda de Godoi,Eriberto Leao,Rafael Primot,Oscar Magrini,Igor Medeiros,Carol Fazu,Hildegard Breton,Vanessa Giacomo,Kayky Brito,Leona Cavalli,Tonico Pereira,Anderson Muller,Nicola Siri,Tuca Andrada
Adriana Garambone,Joana Limaverde,Walderez de Barros,Murilo Rosa,Felipe Camargo,Vladimir Brichta,Graziella Moretto,Paulo Goulart,Virginia Cavendish,Victor Fasano,Miriam Pires,Betito Tavares,Ligia Cortez,Tato Gabus Mendes,Lilia Cabral,Rafael Calomeni,Nuno Leal Maia,Nair Bello,Ernani Moraes,Matheus Nachtergaele,Barbara Borges,Tato Gabus Mendes,Zezeh Barbosa,Marcelo Faria,Jairo Mattos,Vladimir Brichta,Oscar Magrini,Kayky Brito,Tarcisio Meira,Nivea Maria,Dudu Azevedo,Carlos Casagrande,Paulo Coelho,Kayky Brito,Sheron Menezes,Camila Rodrigues,Paulo Vilela,Gabriel Wainer,Jose Mayer,Nathalia Timberg,Anderson Muller,Bia Seidl,Ricardo Duque,Christine Fernandes,Caroline Abras,Marina Ruy Barbosa,Carolina Oliveira,Juca de Oliveira,Paloma Bernardi,Nivea Stelmann,Emanuelle Araujo,Marco Pigossi,Malu Galli,Erom Cordeiro,Juliano Cazarre,Aracy Balabanian,George Sauma,Guilhermina Guinle,Bete Mendes,Marisa Orth,Fernanda Machado,Tania Khalill,Maria Luisa Mendonca,Agatha Moreira,Kaue Ribeiro de Sousa,Luiz Henrique Nogueira,Jean Pierre Noher,Suzy Rego,Brenno Leone,Sophia Abrahao,Andre Frateschi,Andre Loddi,Bel Kutner,Mel Maia,Leticia Lima,Guida Vianna,Giovanna Grigio,Rayza Alcantara,Joana Solnado,Karen Junqueira,Marcello Melo Jr,Daniel Rocha,Maicon Rodrigues,Leopoldo Pacheco,Juliana Paiva,Mauricio Destri,Jaffar Bambirra,Francoise Forton,Rafael Zulu,Arthur Sales,Bruna Griphao,Ravel Andrade,Armando Babaioff,Nikolas Antunes,Paulo Rocha,Miguel Romulo,Veronica Debom,Deborah Evelyn,Carla Cristina Cardoso,Marcela Jacobina,Camila Mardila
Marcos Palmeira,Mateus Rocha,Julia Almeida,Joao Vitti,Sthefany Brito,Tais Araujo,Isabela Garcia,Bianca Byington,Yona Magalhaes,Beth Goulart,Vanessa Gerbelli,Jussara Freire,Denise Del Vecchio,Luis Gustavo,Daniel Dantas,Vera Holtz,Maria Zilda Bethlem,Lolita Rodrigues,Tania Bondezan,Vanessa Gerbelli,Mylla Christie,Laura Cardoso,Mary Sheyla,Rita Guedes,Angelina Muniz,Maria Flor,Gisele Froes,Eliane Giardini,Sonia Braga,Luis Gustavo,Emanuelle Araujo,Sergio Abreu,Bel Kutner,Carla Diaz,Jose Wilker,Sthefany Brito,Rodrigo Lopez,Luiza Valdetaro,Christine Fernandes,Francisco Cuoco,Andre Arteche,Cris Vianna,Danieli Haloten,Daniele Suzuki,Joao Baldasserini,Bruno Pereira,Christiane Torloni,Thais Garayp,Isabela Garcia,Rodrigo Hilbert,Guilherme Fontes,Suzana Pires,Vanessa Loes,Giulia Gam,Debora Nascimento,Leopoldo Pacheco,Priscila Sol,Johnny Massaro,Laura Cardoso,Marco Ricca,Ricardo Tozzi,Pedro Neschling,Romulo Estrela,Sacha Bali,Gabriel Sater,Titina Medeiros,Michel Noher,Paulo Betti,Betty Faria,Sergio Malheiros,Fernanda Rodrigues,Babu Santana,Tarcisio Filho,Flora Diegues,Roberta Rodrigues,Olivia Torres,Arthur Aguiar,Lucci Ferreira,Genezio de Barros,Jose Loreto,Jacqueline Sato,Heloisa Jorge,Lorena Comparato,Paulo Rocha,Silvero Pereira,Ricardo Blat,Paulo Vilhena,Cassio Gabus Mendes,Ana Lucia Torre,Monique Alfradique,Miguel Romulo,Demick Lopes,Roberta Rodrigues,Lucas,Carolina Dieckmann,Fabiana Karla,Mouhamed Harfouch,Nathalia Timberg,Diego Montez,Triz Pariz,Maria
,,,,,,,,,Eduardo Martini,,,,,,Serafim Gonzalez,,,,,Cristina Galvao,,,,,,,,Umberto Magnani,,,,,Alexandro Malvao,Adriano Garib,,,,,,Polly Marinho,,Amanda Azevedo,,,,,,Beth Zalcman,Camila Chiba,Bernardo Simoes,Marcelo Brou,,,,,,,,Priscila Camargo,Lucas Romano,Glicerio do Rosario,,Rafael Tombini,,Mitsu Kuzume,,Yago Machado,,,,,,Romulo Estrela,,,,,,,,,,,,,,,,,,,,Irma Dolores,Liza Gomes,,,,,,
,,,,,,,,,Carolina Macieira,,,,,,Priscila Dias,,,,,,,,,,,,,Joelson Medeiros,,,,,,Laura Proenca,,,,,,Karina Ferrari,,,,,,,,,,,,,,,,,,,,Marcelo Schmidt,,,,,,,,,,,,,Othon Bastos,,,,,,,,,,,,,,,,,,,,Clara Galinari,,,,,,,
Lucinha Lins,Rita Guedes,Daniel Boaventura,Carlos Evelyn,Jonatas Faro,Marcelo Serrado,Evandro Mesquita,Taumaturgo Ferreira,Cleyde Yaconis,Mara Manzan,Vera Holtz,Marcos Caruso,Otavio Augusto,Ana Rosa,Floriano Peixoto,Carolina Kasting,Otavio Augusto,Andre Mattos,Angelo Paes Leme,Samara Felippo,Nelson Xavier,Joana Solnado,Raoni Carneiro,Elizabeth Savalla,Genezio de Barros,Thiago Martins,Chico Anysio,Otavio Augusto,Marjorie Estiano,Juliana Baroni,Guilherme Piva,Beth Goulart,Isabelle Drummond,Darlan Cunha,Marilia Gabriela,Thiago Martins,Rodrigo Veronese,Andre Frateschi,Helena Ranaldi,Claudia Jimenez,Totia Meirelles,Carlos Vereza,Wagner Santisteban,Marcelo Valle,Debora Duarte,Murilo Grossi,Marco Ricca,Nando Cunha,Cassio Gabus Mendes,Luis Melo,Claudia Ohana,Joana Coutinho,Eriberto Leao,Murilo Grossi,Jose Loreto,Kika Kalache,Isabela Garcia,Marianna Armellini,Suzana Pires,Joaquim Lopes,Marina Ruy Barbosa,Simone Gutierrez,Igor Angelkorte,Ronny Kriwat,Teuda Bara,Gisele Froes,Pablo Sanabio,Zeze Polessa,Joana Fomm,Giovanna Lancellotti,Gisele Froes,Angela Vieira,Laryssa Dias,Daniela Fontan,Johnny Massaro,Ora Figueiredo,Ana Lucia Torre,Suely Bispo,Chris Couto,Ellen Rocche,Carol Nakamura,Otavio Augusto,Mariana Vaz,Romulo Estrela,Mariana Xavier,Ana Miranda,Julia Lund,Lucy Alves,Ellen Roche,Betty Gofman,Ricardo Tozzi,Antonio Fabio,Osmar Silveira,Thati Lopes,Marcelo Serrado,Marcos Veras,Marcelo Medici,Guilherme Leicam,Rafael Infante,Jhona Burjack,Magali Biff
Guilherme Piva,Juliana Baroni,Umberto Magnani,Carla Daniel,Antonio Petrin,Carla Marins,Lucinha Lins,Cecil Thire,Flavio Migliaccio,Juliana Paes,Rosi Campos,Marly Bueno,Gilbert Stein,Iolanda Cabral Van Burger,Maria Joao Bastos,Marly Bueno,Yona Magalhaes,Francoise Forton,Guilherme Piva,Fernanda Paes Leme,Mara Manzan,Debora Duarte,Bete Coelho,Walderez de Barros,Evandro Mesquita,Nicola Siri,Carlos Vereza,Walter Breda,Eduardo Lago,Nuno Leal Maia,Daniele Suzuki,Daniel Dantas,Lara Rodrigues,Elizabeth Savalla,Wolf Maya,Emilio Orciollo Neto,Reginaldo Faria,Jose Rubens Chacha,Malvino Salvador,Xuxa Lopes,Victor Fasano,Walderez de Barros,Elizabeth Savalla,Mario Jose Paz,Otavio Augusto,Celso Frateschi,Giulia Gam,Christovam Netto,Marcelo Valle,Barbara Paz,Ana Cecilia Costa,Wolf Maya,Marcello Airoldi,Otavio Martins,Emiliano D'Avila,Titina Medeiros,Emilio de Mello,Raquel Bertani,Safira Gutierrez,Mayana Neiva,Daniel Rocha,Marcos Caruso,Laila Zaid,Manu Gavassi,Fernando Sampaio,Luiz Carlos Vasconcelos,Vinicius de Oliveira,Tato Gabus Mendes,Pepita Rodrigues,Sabrina Petraglia,Fabio Herford,Giovanni Gallo,Mouhamed Harfouch,Michel Melamed,Giovanna Lancellotti,Samantha Schmutz,Flavio Tolezani,Umberto Magnani,Mario Borges,Claudia Jimenez,Marcello Airoldi,Pierre Baitelli,Viviane Araujo,Felipe Camargo,Totia Meirelles,Pedro Chagas,Icaro Silva,Guilherme Prates,Flavio Tolezani,Marcello Airoldi,Vera Holtz,Enio Cavalcante,Luis Lobianco,Romulo Neto,Laryssa Ayres,Sergio Malheiros,Luana Martau,Rafael Queiroz,Marcelo Mello Jr.,Kelzy Ecard,Enrique Diaz
Luiz Guilherme,Jorge Pontual,Marly Bueno,Virginia Cavendish,Ana Rosa,Flavio Galvao,Nizo Neto,Isabel Fillardis,Elias Gleiser,Solange Couto,Evandro Mesquita,Paulo Gorgulho,Eliana Guttman,Celso Frateschi,Henri Pagnoncelli,Natalia do Vale,Fernanda Paes Leme,Mario Gomes,Maria Maya,Tarciana Saad,Wolf Maya,Marcos Caruso,Mario Gomes,Neusa Maria Faro,Kadu Moliterno,Guilherme Weber,Othon Bastos,Totia Meireles,Ana Furtado,Mario Gomes,Rodrigo Hilbert,Isabela Garcia,Thiago de Los Reyes,Odilon Wagner,Angelo Antonio,Julia Lemmertz,Antonio Calloni,Clarice Niskier,Roberta Gualda,Deborah Kalume,Antonio Calloni,Joao Sabia,Bete Mendes,Nanda Costa,Selma Egrei,Lucci Ferreira,Leopoldo Pacheco,Neuza Borges,Juliano Cazarre,Caio Blat,Enrique Diaz,Totia Meirelles,Luiz Carlos Vasconcelos,Marcelo Faria,Bruno Gissoni,Luiz Henrique Nogueira,Paulo Betti,Thalita Lippi,Jose Henrique Ligabue,Ingrid Guimaraes,Sidney Sampaio,Rosi Campos,Marcella Valente,Erika Januza,Raul Barretto,Valentina Bandeira,Eucir de Souza,Nanda Costa,Junno Andrade,Alejandro Claveaux,Fernando Eiras,Thaina Duarte,Adriano Toloza,Carolina Kasting,Giselle Batista,Helio de La Pena,Guilhermina Guinle,Carlos Vereza,Rita Clemente,Marcelo Medici,Nivea Maria,Danilo Grangheia,Thelmo Fernandes,Daniel Dantas,Joao Camargo,Cyria Coentro,Nicette Bruno,Jessika Alves,Sandra Corveloni,Dayse Pozato,Tato Gabus Mendes,Erivaldo Oliveira,Thalita Carauta,Miguel Coelho,Gabriel Stauffer,Icaro Silva,Bruno Cabrerizo,Bruna Hamu,Gabriela Moreyra,Kiko Mascarenhas,Nanego Lira
Guga Coelho,Francoise Forton,Thalma de Freitas,Ana Lucia Torre,Paulo Jose,Claudia Alencar,Ana Carbatti,Fabio Villa Verde,Bruno Gagliasso,Antonio Pitanga,Chris Couto,Alexandra Richter,Araci Esteves,Guilherme Piva,Cassia Linhares,Alinne Moraes,Marcio Kieling,Tatyane Goulart,Rosane Gofman,Sidney Magal,Angela Vieira,Elias Gleizer,Luiz Guilherme,Fulvio Stefanini,Sidney Magal,Pedro Paulo Rangel,Jackson Antunes,Luis Melo,Pedro Neschling,Ana Lucia Torre,Elias Gleizer,Marco Ricca,Pedro Kauaa Araujo,Isabel Fillardis,Julio Rocha,Pedro Paulo Rangel,Helena Fernandes,Walderez de Barros,Leonardo Medeiros,Raoni Carneiro,Ana Beatriz Nogueira,Paula Barbosa,Fernanda Machado,Aparecida Petrowky,Genezio de Barros,Paula Tolentino,Andre Arteche,Gesio Amadeu,Leonardo Miggiorin,Max Fercondini,Osmar Prado,Milena Toscano,Julia Almeida,Suzy Rego,Leticia Isnard,Bruno Mazzeo,Tuca Andrada,Marilu Bueno,Maria Joana,Rodrigo Lopez,Carolina Kasting,Leopoldo Pacheco,Diego Cristo,Maria Eduarda de Carvalho,Alice Coelho,Johnny Hooker,Claudio Jaborandy,Elizangela,Leticia Spiller,Nando Rodrigues,Ligia Cortez,Giullia Buscacio,Raphael Sander,Val Perre,Julia Rabello,Lavinia Vlasak,Maria Zilda Bethlem,Gesio Amadeu,Bruce Gomlevsky,Cristina Pereira,Miwa Yanagizawa,Maria Flor,Helga Nemeczyk,Felipe Silcler,Othon Bastos,Alfredo Castro,Cristina Pereira,Maria Eduarda de Carvalho,Bella Piero,Leandro Daniel,Grace Gianoukas,Bruno Goya,Jose de Abreu,Patrick Sampaio,Giulia Gayoso,Giovana Cordeiro,Guilhermina Libanio,Caio Castro,Mariana Molina,Werner Schunemann,Debora Lamm
Marcelo Saback,Mario Gomes,Inez Vianna,Deo Garcez,Miriam Pires,Kadu Moliterno,Mauricio Goncalves,Andrea Avancini,Pedro Garcia Netto,Adriana Lessa,Juliana Didone,Paulo Figueiredo,Othon Bastos,Rosane Gofman,Guga Coelho,Paula Picarelli,Jerusa Franco,Roger Gobeth,Andrea Avancini,Tuca Andrada,Marilia Gabriela,Mila Moreira,Diva Pacheco,Nicette Bruno,Nair Bello,Carmem Veronica,Elias Gleiser,Stepan Nercessian,Rafael Almeida,Mauro Mendonca,Leonardo Villar,Othon Bastos,Ana Carolina Godoy,Erik Marmo,Thiago Mendonca,Ana Lima,Guilherme Fontes,Julio Andrade,Clarice Falcao,Dudu Pelizzari,Osmar Prado,Jackson Costa,Rafael Zulu,Marcello Melo Jr.,Paula Possani,Andre Goncalves,Armando Babaioff,Tania Alves,Marcos Damigo,Marisol Ribeiro,Heloisa Perisse,Julio Rocha,Marcello Melo Jr.,Laila Zaid,Fabiula Nascimento,Rodrigo Pandolfo,Bia Seidl,Daniel Boaventura,Jean Pierre Noher,Maria Helena Chira,Jose Wilker,Claudia Ohana,Cristine Peron,Paulo Jose,Alex Brasil,Flavio Pardal,Cesar Ferrario,Flavio Galvao,Guilherme Fontes,Rosanne Mulholland,Jean Pierre Noher,Carolina Oliveira,Felipe Hintze,Caio Paduan,Carmo Dalla Vecchia,Malu Galli,Marcelo Argenta,Claudio Jaborandy,Hanna Romanazzi,Ana Carbatti,Joao Cortes,Marcella Rica,Joao Vitor Silva,Isabella Dragao,Betty Faria,Julio Machado,Guilherme Weber,Mayana Moura,Igor Angelkorte,Daniel Warren,Tammy Di Calafiori,Nanego Lira,Arlete Salles,Otavio de Luris,Paulo Vilhena,Marcelo Valle,Cristiane Amorim,Suely Franco,Arthur Sales,Mayana Neiva,Milhem Cortaz
,,,,,,,,,Joao Carlos Barroso,,,,,,Tila Teixeira,,,,,Catarina Abdalla,,,,,,,,Bete Mendes,,,,,Bruno Pereira,Alexandre Liuzzi,,,,,,Janaina Prado,,Gabriel Kaufmann,,,,,,Marcio Alvarez,Klara Castanho,Nahuana Costa,Alexandre Liuzzi,,,,,,,,Yacana Martins,Andre Garolli,Mel Maia,,Luisa Moraes,,,,Nicollas Paixao,,,,,,Luis Melo,,,,,,,,,,,,,,,,,,,,Luciana Malcher,Maureen Miranda,,,,,,
Karine Carvalho,Tato Gabus Mendes,Monique Curi,Rejane Arruda,Caio Junqueira,Paloma Duarte,Irving Sao Paulo,Roberto Bomtempo,Viviane Novaes,Luciano Szafir,Rodrigo Hilbert,Ana Carbatti,Jose Victor Castiel,Tony Tornado,Fernanda Rodrigues,Maria Padilha,Duda Nagle,Erika Evantini,Antonio Grassi,Liliana Castro,Maria Guilhermina de Medeiros Duarte Pinto Lefevre,Ernani Moraes,Pepita Rodriguez,Erik Marmo,Eliezer Motta,Iris Bruzzi,Fabricio Boliveira,Nanda Costa,Perola Faria,Laura Cardoso,Lolita Rodrigues,Guilhermina Guinle,Marco Pigossi,Thalma de Freitas,Alexandre Slavieiro,Marcos Caruso,Soraya Ravenle,Mila Moreira,Miguel Romulo,Izabella Bicalho,Nivea Maria,Caroline Abras,Guilhermina Guinle,Lica Oliveira,Ricardo Blat,Ana Paula Bouzas,Thaila Ayala,Cinara Leal,Rodrigo Andrade,Erom Cordeiro,Marcello Novaes,Dudu Azevedo,Neusa Borges,Felipe Camargo,Ailton Graca,Simone Gutierrez,Werner Schunemann,Debora Olivieri,Ailton Graca,Josafa Filho,Eliane Giardini,Icaro Silva,Lucas Salles,Betty Goffman,Kaik Brum,Monica Torres,Val Perre,Rafael Losso,Bruno Garcia,Raquel Fabbri,Cyria Coentro,Luana Martau,Bella Piero,Kadu Schons,Maeve Jinkings,Ailton Graca,Cleiton Morais,Maciel Melo,Yasmin Gomlevsky,Bruna Griphao,Roberta Piragibe,Armando Babaioff,Laila Garin,Roberto Cordovani,Jonathan Azevedo,Maureen Miranda,Rodrigo Fagundes,Marcello Melo Jr.,Fernanda Rodrigues,Carolina Ferman,Murilo Rosa,Giordano Castro,Francisco Cuoco,Reginaldo Faria,Carol Duarte,Lucas Domso,Simone Gutierrez,Ary Fontoura,Yasmin Gomlevsky,Virginia Rosa,Isabel Teixeira
Anselmo Vasconcelos,Roberto Bonfim,Luciano Quirino,Luiz Antonio do Nascimento,Mariana Hein,Tonico Pereira,Oberdan Junior,Gustavo Haddad,Lulo Scroback,Nivea Maria,Rocco Pitanga,Fausto Maule,Jackson Antunes,Sergio Menezes,Duarte Guimaraes,Eduardo Lago,Preta Gil,Thalma de Freitas,Ary Franca,Jonathan Haagensen,Heitor Martinez,Debora Olivieri,Otavio Augusto,Aisha Jambo,Roney Facchini,Serafim Gonzalez,Alexandre Rodrigues,Gustavo Falcao,Max Fercondini,Arlete Montenegro,Chico Anysio,Debora Duarte,Taina Muller,Ana Lucia Torre,Leona Cavalli,Othon Bastos,Leticia Isnard,Edney Giovenazzi,Emanuelle Araujo,Eliana Rocha,Lima Duarte,Alexandre Rodrigues,Marco Antonio Gimenez,Cris Nicolotti,Pascoal da Conceicao,Suzana Faini,Regina Braga,Raquel Villar,Taina Muller,Carol Abras,Mouhamed Harfouch,Cris Vianna,Pietra Pan,Carolina Kasting,Bianca Comparato,Pablo Bellini,Alamo Faco,Maria Carol Rebello,Rita Guedes,Felipe Lima,Fulvio Stefanini,Ana Cecilia Costa,Leticia Colin,Bruno Gissoni,Tatiana Tiburcio,Aracy Balabanian,Anna Cotrim,Ailton Graca,Alexandra Richter,Kayky Brito,Bianca Comparato,Ilana Kaplan,Mariana Molina,Joao Gabriel D'Aleluia,Tonico Pereira,Aline Fanju,Marilu Bueno,Xangai,Vitor Thire,Cadu Libonati,Sylvia Bandeira,Bruna Hamu,Gabriel Louchard,Luana Tanaka,Luci Pereira,Sophie Charlotte,Milton Goncalves,Sabrina Petraglia,Juliana Caldas,Mel Maia,Joaquim Lopes,Maycon Douglas,Narcival Rubens,Augusto Breton,Caio Manhente,Claudia Ohana,Glicerio do Rosario,Nivea Maria,Felipe Haiut,Camila Amado,Clarissa Kiste
Thais Fersoza,Silvia Nobre,Henri Pagnoncelli,Julio Levy,Janaina Lince,Joana Fomm,Marcelo Freitas,Lidi Lisboa,Nelson Xavier,Cissa Guimaraes,Aline Aguiar,Sonia Guedes,Regina Dourado,Mario Schoembergher,Pablo Padilla,Roberta Gualda,Ildi Silva,Gero Pestalozzi,Rosamaria Murtinho,Thiago Martins,Maria Maya,Antonio Grassi,Fernanda Rodrigues,Tammy Di Calafiori,Humberto Carrao,Nelson Xavier,Mauricio Goncalves,Kika Kalache,Renata Sorrah,Neusa Maria Faro,Mouhamed Harfouch,Reginaldo Faria,Emiliano Queiroz,Nicette Bruno,Lugui Palhares,Roberto Bomfim,Pedro Bricio,Jose Augusto Branco,Genezio de Barros,Joaquim Monchique,Laura Cardoso,Lidi Lisboa,Fabio Lago,Patricia Naves,Tuna Dwek,Caca Amaral,Tato Gabus Mendes,Nanda Lisboa,Luigi Baricelli,Paulo Vilhena,Andreia Horta,Carlos Machado,Claudia Mello,Lucci Ferreira,Betty Faria,Maria Helena Chira,Guilherme Piva,Jesuela Moro,Inez Viana,Thaila Ayala,Barbara Paz,Angelo Antonio,Jacqueline Sato,Polliana Aleixo,Cridemar Aquino,Marcello Airoldi,Antonio Fabio,Viviane Araujo,Joao Vithor Oliveira,Gabriel Godoy,Maria Manoella,Jose Dumont,Raphael Ghanem,Othon Bastos,Marcos Caruso,Tony Garrido,Miguel Romulo,Batore,Marcos Oliveira,Renata Augusto,Jean Pierre Noher,Titina Medeiros,Kizi Vaz,Dhu Moraes,Gisele Froes,Renato Goes,Virginia Rosa,Nivea Maria,Vera Mancini,Tobias Carrieres,Isabella Santoni,Mario Sergio Cabral,Roberto Bonfim,Leticia Persiles,Caue Campos,Val Perre,Nicette Bruno,Rosane Gofman,Antonio Carlos Bernardes,Denise Weinberg,Ana Flavia Cavalcanti
Henri Castelli,Oswaldo Loureiro,Xuxa Lopes,Bernadeth Lyzio,Karine Carvalho,Zeze Motta,Alexandre Barbalho,Jandir Ferrari,Emiliano Queiroz,Carla Cabral,Walderez de Barros,Leonardo Villar,Antonio Petrin,Zeze Motta,Mila Moreira,Pedro Furtado,Joana Fomm,Bruno Gradim,Monica Carvalho,Giordanna Forte,Andre Goncalves,Thais Garayp,Joao Velho,Lady Francisco,Mauren Mcgee,Gianfrancesco Guarnieri,Gesio Amadeu,Odilon Wagner,Ze Carlos Machado,Ora Figueiredo,Cristina Sano,Luli Miller,Isaac Bardavid,Ary Fontoura,Juliana Alves,Claudio Marzo,Bia Montez,Maria Pompeu,Jean Pierre Noher,Carla Andrino,Flavio Migliaccio,Aisha Jambo,Suzana Pires,Max Fercondini,Jairo Mattos,Jandira Martini,Elizangela,Luisa Mell,Helena Fernandes,Bruna Spinola,Paula Burlamaqui,Monique Alfradique,Luiz Serra,Othon Bastos,Otavio Augusto,Dhu Moraes,Susana Ribeiro,Marcelo Barros,Marcos Winter,Aline Dias,Felipe Titto,Juliana Lohmann,Sabrina Greve,Thiago Mendonca,Dida Camero,Andre Goncalves,Elea Mercurio,Lucci Ferreira,Thati Lopes,Marianna Armellini,Claudia Mello,Mariana Xavier,Giuliano Lafayette,Roberto Pirillo,Alexandra Richter,Adriana Birolli,Jeniffer Nascimento,Saulo Laranjeira,Heloisa Jorge,Duda Mamberti,Tatiana Tiburcio,Erico Bras,Paulo Verlings,Babu Santana,Karla Karenina,Daniel de Oliveira,Marcelo Escorel,Werner Schunemann,Juca de Oliveira,Maria Manoella,Giordano Becheleni,Pedro Fasanaro,Kelzy Ecard,Maristela Buchan,Fernanda de Freitas,Luiz Henrique Nogueira,Osmar Prado,Glamour Garcia,Bruna Aiiso,Stepan Nercessian,Clarissa Pinheiro
Edward Boggis,Lolita Rodrigues,Paulo Figueiredo,Thais Muller,Rodrigo Eldestein,Claudio Correa e Castro,Maria Pompeu,Cecilia Dassi,Jacqueline Laurence,Thiago Fragoso,Nelson Dantas,Mario Cesar Camargo,John Herbert,Claudia Mauro,Ada Chaseliov,Leonardo Miggiorin,Otavio Muller,Luiz Guilherme,Ricardo Martins,Monica Torres,Adriana Lessa,Sirmar Antunes,Vergniaud Mendes,Andrea Avancini,Raphael Rodrigues,Sheron Menezzes,Clementino Kele,Cassio Reis,Deborah Evelyn,Simone Soares,Dan Nakagawa,Otavio Muller,Livia Falcao,Rosamaria Murtinho,Marcos Winter,Jandira Martini,Ernani Moraes,Tuna Dwek,Claudia Ohana,Bia Nunnes,Jandira Martini,Lucy Ramos,Otaviano Costa,Priscila Sol,Luciana Borghi,Walderez de Barros,Rodrigo Lopez,Thiago Oliveira,Louise Cardoso,Ricardo Vandre,Joao Miguel,Tania Khallil,Sylvia Massari,Rosi Campos,Ronny Kriwat,Daniel Dantas,Debora Duarte,Hilda Rebello,Patricia Naves,Louise Cardoso,Anderson Di Rizzi,Renato Goes,Marina Palha,Miguel Thire,Evandro Melo,Nando Cunha,Rodrigo Rangel,Paulo Vilhena,Giselle Batista,JP Rufino,Walderez de Barros,Olivia Araujo,Jessica Cores,Norma Blum,Otavio Muller,Gabriel Reif,David Lucas,Jose Dumont,Mariana Nunes,Paulo Tiefenthaler,Val Perre,Joao Campos,Leandro Daniel,Renan Monteiro,Claudia Mello,Gabriel Leone,Bernardo Marinho,Jackson Antunes,Emilio de Mello,Aramis Trindade,Nando Rodrigues,Pedro Wagner,Danilo Ferreira,Luciana Paes,Theodoro Cochrane,Jeniffer Nascimento,Betty Gofman,Pedro Carvalho,Stella Freitas,Brenno Leone,Douglas Silva
,,,,,,,,,Monica Martelli,,,,,,Bruno Padilha,,,,,Guilherme Duarte,,,,,,,,Inez Viana,,,,,Julia Ruiz,Teca Pereira,,,,,,Luci Pereira,,Kate,,,,,,Andrea Dantas,Henry Fiuka,Sofia Terra,Dani Barros,,,,,,,,Antonio Firmino,Bel Kutner,Joao Fernandes,,Bruna Faria,,,,,,,,,,Ines Peixoto,,,,,,,,,,,,,,,,,,,,Bendita,Ana Paula Novellino,,,,,,
Angela Rebello,Georgia Gomide,Beatriz Lyra,Joao Cappelli,Rosane Gofman,Louise Cardoso,Cida Moreyra,Renata Nascimento,Cristina Pereira,Sergio Marone,Betty Gofman,Dill Costa,Luciana Braga,Eloisa Mafalda,Miguel Magno,Carmem Silva,Karla Tenorio,Italo Rossi,Marcelo Barros,Victor Perales,Nuno Melo,Nill Marcondes,Patricya Travassos,Marcelo Barros,Ariela Massoti,Marcelo Medici,Edyr Duque,Luiza Mariani,Angelo Antonio,Zezeh Barbosa,Erika Evantini,Marcelo Valle,Carl Schumacher,Suely Franco,Juliana Knust,Eliana Fonseca,Cibele Larrama,Claudio Fontana,Bento Ribeiro,Jandir Ferrari,Jose de Abreu,Gesio Amadeu,David Lucas,Carolina Chalita,Cris Vianna,Alexandre Rodrigues,Betty Gofman,Aninha Lima,Jose de Abreu,Otaviano Costa,Nanda Costa,Carlos Casagrande,Anna Rita Cerqueira,Andre Goncalves,Ana Karolina Lannes,Monica Torres,Klebber Toledo,Ronnie Marruda,Rafael Almeida,Daniel Dantas,Luis Melo,Tiago Abravanel,Daniel Ribeiro,Bianca Rinaldi,,Samuel Vieira,Nikolas Antunes,Ana Carolina Dias,Francisco Cuoco,Adriana Prado,Claudio Jaborandy,Maria Paula Lima,Pedro Gabriel Tonini,Wagner Santisteban,Maria Padilha,Jessica Ellen,Rodrigo Andrade,Marcelia Cartaxo,Olivia Araujo,Marcella Valente,Paulo Chun,Andre Luiz Frambach,Antonia Morais,Andre Dias,Dandara Mariana,Maria Casadevall,Romulo Neto,Olivia Araujo,Barbara Paz,Pascoal da Conceicao,Bruno Gissoni,Quiteria Kelly,Andre Dias,Milena Trindade,Marcos Caruso,Bernardo Marinho,Flavio Migliaccio,Heloisa Jorge,Romeu Evaristo,Izak Dahora,Alejandro Claveaux
Chico Tenreiro,John Herbert,Yara Lins,Matheus Petinatti,Luis Salem,Nathalia Timberg,Flavia Bonato,Samuel Melo,Nelson Freitas,Thais Fersoza,Fernando Alves Pinto,Clea Simoes,Gracindo Junior,Maria Gladys,Elisa Lisboa,Oswaldo Louzada,Hugo Gross,Oswaldo Loureiro,Hilda Rebello,Arlindo Lopes,Malu Valle,Amandha Lee,Cassio Scapin,Felipe Camargo,Paulo Miklos,Jussara Freire,Osvaldo Barauna,Fafy Siqueira,Leticia Sabatella,Luiz Nicolau,Claudia Ventura,Chico Diaz,Daniel Erthal,Ailton Graca,Otavio Augusto,Luiz Carlos Tourinho,Andre Abujamra,Hermila Guedes,Gisele Froes,Luciana Mizutani,Tania Khallil,Cosme dos Santos,Maria Clara Gueiros,Leonardo Miggiorin,Edmilson Barros,Jose Rubens Chacha,Fernanda Souza,Turibio Ruiz,Ana Lucia Torre,Anderson Di Rizzi,Matheus Nachtergaele,Helena Ranaldi,Victor Navega Motta,Daniela Fontan,Claudia Missura,Analu Prestes,Daniel Dalcin,Thais Portinho,Viviane Victorette,Yona Magalhaes,Kiko Pissolato,Marcelo Medici,Karen Coelho,Lica Oliveira,,Julia Konrad,Olivia Torres,Paulo Rocha,Rita Elmor,Carlo Porto,Luiz Serra,Priscila Marinho,Joao Cunha,Ana Flavia Cavalcanti,Felipe Roque,Raphael Sander,Maria Carol Rebello,Evana Jeyssan,Dani Ornellas,Conrado Caputto,Cinara Leal,Arianne Botelho,Enzo Romani,Roney Villela,Carla Diaz,Cassia Kis Magro,Bruna Spinola,Yasmin Gomlevsky,Marcello Novaes,Cristiana Pompeo,Ary Fontoura,Raquel Ferreira,Joao Acaiabe,Ana Lucia Torre,Zeze Polessa,Maria Carol Rebello,Angelo Coimbra,Lucy Ramos,Alexandra Martins,Guilherme Ferraz,Giulio Lopes
Biju Martins,Lucia Verissimo,Clea Simoes,,Gustavo Mello,Sergio Menezes,Miguel Magno,Luiz Antonio do Nascimento,Gustavo Falcao,Viviane Victorette,Bernardo Marinho,Juliana Martins,Tadeu di Pietro,Iris Bruzzi,Eduardo Reis,Marcos Caruso,Rodrigo dos Santos,Paula Franco,Victor Pecoraro,Jorge Coutinho,Flavio Migliaccio,Eduardo Lago,Claudio Marzo,Bruna di Tullio,Tatiana Monteiro,Carlos Takeshi,Rogerio Falabella,Mara Manzan,Marly Bueno,Andrea Avancini,Marcelo Torreao,Roberta Rodrigues,Mauricio Goncalves,Carlos Casagrande,Leticia Spiller,Paulo Cesar Grande,David Lucas,Laura Cardoso,Chico Diaz,Maria Vieira,Murilo Rosa,Jose Augusto Branco,Theodoro Cochrane,Claudio Jaborandy,Claudia Missura,Nica Bonfim,Josafa Filho,Adilson Magha,Maria Clara Gueiros,Gabriela Carneiro da Cunha,Renato Goes,Thais de Campos,Kaic Crescente,Jessika Alves,Carol Abras,Miguel Roncato,Ana Paula Lopes,Renata Ghelli,Claudia Netto,Leticia Isnard,Lucas Malvacini,Luana Martau,Luciana Paes,Suely Franco,,Max Lima,Luciana Brittes,Cris Vianna,Osvaldo Mil,Marat Descartes,Thais Garayp,Pathy Dejesus,Glaucio Gomes,Nica Bonfim,Allan Souza Lima,Sergio Malheiros,Juliane Araujo,Victor Broz,Nikolas Antunes,Johnnas Oliva,Pablo Morais,Paulo Lessa,Lara Cariello,Allan Souza Lima,Betty Gofman,Marco Ricca,Jeniffer Nascimento,Maicon Rodrigues,Giovana Cordeiro,Jaedson Bahia,Polly Marinho,Arilson Lopes,Pablo Morais,Madre Joana,Paulo Miklos,Marcela Siqueira,Filipe Braganca,Anderson Di Rizzi,Jorge Lucas,Thiago Justino,Duda Batsow
Daniele Guerreiro,Maria Ceica,Andre Valli,,Ze Carlos Machado,Cristina Galvao,Jorge Botelho,Ilea Ferraz,Marcelo Barros,Osmar Prado,Mariana Lima,Bruno Gradim,Chica Xavier,Thiago Farias,Luiz Henrique Nogueira,Martha Mellinger,Ana Kutner,Marcelo Saback,Juliana Alves,Maria Rosa,Tania Khalill,Karine Carvalho,Maria Zilda Bethlem,Ernesto Piccolo,Roumer Calhaes,Italo Rossi,John Herbert,Guilherme Winter,Leandra Leal,Hugo Gross,Lucy Ramos,Flavio Bauraqui,Nizo Neto,Marcia Cabrita,Oscar Magrini,Thais Garayp,Polliana Aleixo,Paulo Jose,Suzana Faini,Zezeh Barbosa,Odilon Wagner,Genezio de Barros,Julia Lund,Cyria Coentro,Victor Pecoraro,Rosane Gofman,Monica Martelli,Yunes Chami,Ricardo Tozzi,Jurema Reis,Luana Martau,Eri Johnson,Marat Descartes,Igor Cosso,Luana Martau,Polliana Aleixo,Rhaisa Batista,,Cyria Coentro,Fafy Siqueira,Emilio Orciollo Netto,Silvia Salgado,Analu Prestes,Antonio Petrin,,Ana Terra Blanco,Miguel Arraes,Elaine Mickely,Ana Rosa,Hugo Bonemer,Flavio Pardal,Patricia Elizardo,Nathalia Rodrigues,Marcelo Torreao,Carla Cristina Cardoso,Felipe Silcler,Marianna Armellini,Antonio Carlos Feio,Ju Colombo,Isadora Cruz,Renata Dominguez,Matheus Fagundes,Lais Pinho,Diogo Oliveira,Maria Clara Spinelli,Susana Vieira,Joao Villa,Valquiria Ribeiro,Anderson Tomazini,Rafa Vachaud,Jairo Mattos,Fernanda Marques,Ciro Sales,Patricya Travassos,Ana Beatriz Nogueira,Orlando Caldeira,Paula Burlamaqui,Carol Garcia,Elam Lima,Nilson Nunes,WJ
Elisio Lage,Alexandre Schumacher,Denise Sartori,,Bel Kutner,Tadeu Mello,Lucy Mafra,Mariah da Penha,Hilda Rebello,Elizangela,Stepan Nercessian,Xando Graca,Cosme dos Santos,Guilherme Vieira,Debora Lamm,Paulo Coronato,Anna Cotrim,Neco Vila Lobos,Alexandre Barillari,Marilu Bueno,Ludmila Dayer,Larissa Queiroz,Jacqueline Laurence,Emiliano Queiroz,Anderson Lau,Caca Carvalho,Edwin Luisi,Leonardo Jabbour,Sidney Sampaio,Jose D'Artagnan Jr,Sergio Hondjakoff,Jose Augusto Branco,Eduardo Mancini,Marisol Ribeiro,Betty Faria,Osvaldo Mil,Elias Andreato,Amanda Richter,Alexandre Nero,Maria Gladys,Carolina Oliveira,Edney Giovenazzi,Jaime Leibovitch,Cecilia Dassi,Naruna Costa,Ary Franca,Mila Moreira,Joao Velho,Guilherme Piva,Cissa Guimaraes,Mariana Lima,Carol Macedo,Rafael Almeida,Olivia Torres,Cacau Protasio,Lidi Lisboa,Jurema Reis,,Luiz Carlos Vasconcelos,Ellen Rocche,Francoise Forton,Anthero Montenegro,Isaac Bardavid,Aline Fanju,,Debora Lamm,Nicola Lama,Othon Bastos,Sandra Corveloni,Ana Carbatti,Ju Colombo,Paula Barbosa,Ana Barroso,Cassiano Carneiro,Osvaldo Mil,Lellezinha,Suely Franco,Flavio Rochaa,David Junior,Julia Faria,Erika Januza,Bella Piero,Rocco Pitanga,Jurema Reis,Drico Alves,Natalia do Vale,Pedro Cassiano,Ana Carbatti,Zeze Motta,Javert Monteiro,Rosane Gofman,Ilya Sao Paulo,Hugo Moura,Graca Monteiro,Leopoldo Pacheco,Andre Junqueira,Eduardo Mossri,Mariano Junior,Thais Garayp,Caroline Verban,Dora Freind
,,,,,,,,,,,,,,,,,,,,,,,,,,,,,,,,,,,,,,,,,,,,,,,,,,,,,,,,,,,,,,,,,,,,,,,,,Maria Monica,,,,,,,,,,,,,,,,,,,,,,,,,,,
,,,,,,,,,Kika Kalache,,,,,,Guilhermina Guinle,,,,,Marco Vilella,,Sandro Christopher,,,,,,Thiago Picchi,,,,Guillermo Hundadze,Carina Porto,Cristina Galvao,,,Thiago Luciano,Renan Mayer,Chao Chen,Ana Lima,,Alice Assef,,,Joao Victor Granja,David Lucas,,Naruna Costa,Marcos Miura,Caio Manhente,Michelle Martins,,Rafael Gevu,,Gustavo Gasparani,,,,Eliana Pittman,Alamo Faco,Maria Gal,,Paulo Verlings,,Larissa Murai,,Hugo Esteves,,,,Gustavo Piaskoski,,Louise Cardoso,,,,,,,,Maria Clara Mourao,,,,Nando Rodrigues,,,Thiago Thome,,,,,Dandara Albuquerque,Felipe Hintze,,,,,,
Luiz Claudio Junior,Tatyane Goulart,Vanessa Machado,,Joao Camargo,Marcelia Cartaxo,Thiago de Los Reyes,Dani Ornellas,Ana Beatriz Cisneiros,Ingra Liberato,Joao Camargo,Hugo Gross,Sheron Menezzes,Renata Nascimento,Arlindo Lopes,Paulo Figueiredo,Lana Guelero,Andrea Leal,Sabrina Rosa,Sergio Malheiros,Yona Magalhaes,Adriana Alves,Adriano Reys,Umberto Magnani,Renato Borghi,Livia Falcao,Fernando Petelinkar,Ken Kaneko,Helena Ranaldi,Licurgo Spinola,Iris Bustamante,Daisy Lucidi,Marcelo Saback,Duda Nagle,Paulo Goulart,Cosme dos Santos,Marcella Valente,Karen Coelho,Paula Burlamaqui,Debora Olivieri,Ricardo Tozzi,Hugo Gross,Alexandre Slaviero,Bruno Perillo,Antonio Fragoso,Thelma Reston,Nicette Bruno,Flavia Guedes,Roberta Rodrigues,Paulo Goulart,Berta Loran,Guilherme Boury,Francisco Cuoco,Bernardo Marinho,Joao Henrique Gago,Marilia Martins,Beatriz Segall,,Fernanda Pontes,Tuna Dwek,Fabiana Karla,Luis Gustavo,Otavio Martins,Carol Macedo,,Bernardo Marinho,Hossen Minussi,Romulo Neto,Thais de Campos,Debora Olivieri,Milena Melo,Eduardo Dussek,Yasmin Brunet,Juca de Oliveira,Larissa Bracher,Juan Paiva,Flavio Migliaccio,,Aramis Trindade,Hilda Rebello,Joao Carlos Barroso,Marcelo Varzea,Fabi Bang,Thiago Thome,Gabriel Stauffer,Julia Dalavia,Gabriel Sanches,Jose Augusto Branco,Fabio Lago,Isadora Ferrite,Leticia Persiles,,Robertha Portella,Suzana Faini,Milhem Cortaz,Renata Motta Lima,Blaise Musipere,Rosamaria Murtinho,Lana Guelero,Duda Batista,Dida Camero
,Delano Avelar,Luiz Nicolau,,Maria Gladys,Luiz Magnelli,Natalia Barreto,Fernando Almeida,Felipe Latge,Tania Alves,Alice Borges,Ricardo Petraglia,Mareliz Rodriguez,Bernardo Castro Alves,Dill Costa,Lica Oliveira,Edyr Duqui,Elena Toledo,Kayky Brito,Felipe Latge,Ronnie Marruda,Inez Viegas,Stella Miranda,Rosane Gofman,Thalma de Freitas,Ada Chaseliov,Bruno Costa,Ricardo Pavao,Paulo Cesar Grande,Genezio de Barros,Marcelo Adnet,Edwin Luisi,Bia Sion,Marco Antonio Gimenez,Nuno Leal Maia,Marcelia Cartaxo,,Berta Loran,Milton Goncalves,Elida Muniz,Brendha Haddad,Mareliz Rodrigues,Julia Ruiz,Cesar Mello,Fabricio Boliveira,Bel Kutner,Luis Gustavo,Ricardo Castro,Eduardo Galvao,Paulo Jose,Debora Duarte,Rodrigo Simas,Polliana Aleixo,Adelaide de Castro,Felipe Abib,Sylvia Nazareth,Maria Fernanda Candido,,Livian Aragao,Tatiana Alvim,Rodrigo Andrade,Reginaldo Faria,Mariana Xavier,Jessika Alves,,Theodoro Cochrane,Anna Tokiko,Leticia Birkheuer,Gustavo Trestini,Maria Carol,Gabriel Palhares,Paula Cohen,Rhaisa Batista,Elisa Brites,Monique Alfradique,Valentina Bandeira,Dhu Moraes,,Gabriel Palhares,Eunice Braulio,Flavia Guedes,Mila Moreira,Guilherme Logulo,Bia Guedes,Pedro Nercessian,Carla Salle,Sergio Menezes,Livian Aragao,Andy Gercker,Julio Machado,Laila Zaid,,Camila Lucciola,Emiliano Queiroz,Flavia Alessandra,Felippe Luhan,Gabriela Munhoz,Bruno Bevan,Ju Colombo,Marjorie Queiroz,Rodolfo Vaz
,Beth Lamas,Juliana Paes,,Larissa Queiroz,Fernanda Lobo,Renata Bravin,Cida Moreno,Isabella Cunha,Maria Joao Bastos,Natallia Rodrigues,Ana Paula Botelho,Claudio Galvan,Gabriel Azevedo,Bruno Giordano,Cristina Fagundes,Catarina Abdala,Adriana Tolentino,Luiza Curvo,Lucy Ramos,Leonardo Miggiorin,Rute Miranda,Bia Nunnes,Lucas Domso,Felipe Cardoso,Monica Torres,Joaquim de Castro,Victor Peralles,Elisa Lucinda,Luca de Castro,Samantha Schmutz,Lidi Lisboa,Miryam Thereza,Rosanne Mulholland,Mara Manzan,Andre Arteche,,Lucy Ramos,Angela Vieira,Bruce Gomlevsky,Stenio Garcia,Claudio Galvan,Sophie Charlotte,Michel Gomes,Eliana Pittman,Simone Soares,Maria Celia Camargo,Eduardo Coutinho,Rosi Campos,Ana Rosa,Tony Tornado,Luma Costa,Day Mesquita,Sandra Corveloni,Pathy Dejesus,Fabio Lago,Maria Eduarda,,Igor Cotrim,Carla Salle,Marcelo Argenta,Nicette Bruno,Joao Camargo,Roberta Almeida,,Arlindo Lopes,Marcelo Torreao,Julia Fajardo,Aline Xavier,Debora Rebecchi,Bernardo Berruezo,Dani Ornellas,Christian Villegas,Saulo Arcoverde,Bruno Mazzeo,Pally Siqueira,Mauro Mendonca,,Samuel Melo,Nina Frosi,Ana Lima,Ana Rosa,Cristina Mullins,Vietia Zangrandi,Michelle Martins,Marcos Palmeira,Caca Amaral,Gustavo Piaskoski,Telma Souza,Julia Guerra,Silvio Guindane,,Milla Araujo,Robson Nunes,Ailton Graca,Ivo Gandra,Lola Fanucchi,Betto Marque,Patricia Costa,Andre Cidade,Nando Brandao
,Hayrton Junior,Monica Siedler,,Thiago Oliveira,Solange Badim,Netinho Alves,,,Francisco Cuoco,Joana Motta,Tiao D'Avila,Daniel Lobo,Maria Clara Mattos,Gustavo Mello,Manoelita Lustosa,Joao Antonio,Raissa Medeiros,Gabriel Azevedo,Carmen Frenzel,Thiago Fragoso,Amir Haddad,Jose D'Artagnan Junior,Thiago Luciano,Cosme dos Santos,Lui Mendes,Claudio Galvan,Miguel Nader,Carolina Oliveira,Cris Vianna,Miguel Romulo,Jonathan Haagensen,Beatriz Tragtenberg,Wagner Santisteban,Fafy Siqueira,Nando Cunha,,Andre Rebustini,Rosi Campos,Elida L'Astorina,Juliana Alves,Rodrigo Satter,Rodrigo Andrade,Luiza Valdetaro,Marcio Seixas,Maria Clara Mattos,Marcos Frota,Luciana Carnieli,Nathalia Timberg,Claudio Jaborandy,Land Vieira,Juliana Knust,Bianca Comparato,Suely Franco,Mario Hermeto,Ilva Nino,Antonio Pitanga,,Mariza Marchetti,Edwin Luisi,Thalles Cabral,Norma Blum,Eliseu Paranhos,Michel Melamed,,Ellen Rocche,Nando Brandao,Raphael Viana,Zeze Motta,Fabio Audi,,Danilo Mesquita,Alessandra Ambrosio,Gabriela di Grecco,Fabio Lago,Aline Borges,Rosane Gofman,,Ramon Goncalves,Henry Fiuka,Marko Ribeiro,Tato Gabus Mendes,Thiago Justino,Mariana Consoli,Clarice Derzie Luz,Leticia Spiller,Edvana Carvalho,Eli Ferreira,Felipe Titto,Isis Pessino,Fernando Eiras,,Drayson Menezes,Benamim,Heitor Martinez,Alexandre David,Leandro Firmino,Felipe Titto,Guti Fraga,Noha Hamdan,Susanna Kruger
,Alexandre Lemos,Claudio Gabriel,,Michel Capeletti,Cyria Coentro,,,,Francoise Forton,Marcelo Laham,Aline Borges,Mariz,,Fernanda Souza,Elisa Lucinda,Leandro Ribeiro,Marcia Manccini,Bruno Pereira,,Mario Frias,Pietro Mario,Miguel Magno,Carla Daniel,Renato Consorte,Leonardo Carvalho,Harley Vas,Renato Rabello,Claudia Mauro,Daniela Pessoa,Rafael Miguel,Roberto Maya,Nica Bonfim,Malu Valle,Rodrigo Hilbert,Mary Sheyla,,Glauce Graieb,Lucio Mauro,Frederico Reuter,Ana Furtado,Yassir Chediak,Dener Pacheco,Carlos Casagrande,Joana Lerner,Pia Manfroni,Kika Kalache,Cadu Paschoal,Bete Mendes,Walderez de Barros,Genezio de Barros,Rafael Zulu,Klebber Toledo,Carlos Vereza,Bruna Griphao,Sergio Menezes,Claudio Tovar,,Cesar Troncoso,Norival Rizzo,Rosamaria Murtinho,Claudia Missura,Julio Braga,Simone Soares,,Danilo Ferreira,Bernadete Araujo,Eduardo Spinetti,Caca Amaral,Marilu Bueno,,Leandro Daniel,Yacana Martins,Bernardo Marinho,Cris Vianna,Carolyna Aguiar,Kenya Costta,,Jacque Moura,Melissa Nobrega,Rick Garcia,Raphael Ghanem,Lara Lazzaretti,Ruben Gabira,Hylka Maria,Mariana Lima,Edmilson Barros,Cristiano Garcia,Taina Muller,Lieser Touma,Jorge Lucas,,Dja Marthins,Renata Tobelem,Matheus Abreu,Marilia Martins,Luciano Salles,Duda Nagle,Nathalia Altenbernd,Joao Vitor Manhaes,Gustavo Novaes
,,,,,,,,,Alexandre Zacchia,,,,,,Sheila Mattos,,,,,Daniel Zubrinsky,,,,,,,,Selma Reis,,,,,Marina Ruy Barbosa,Wilson de Santos,,,,,,Paula Pereira,,,,,,,,Cristiano Ximenes,,Max Lima,Ana Carolina Dias,,,,,,,,Thais Lago,Carol Rainato,Drico Alves,,Maria Eduarda Macedo,,,,,,,,,,Mel Maia,,,,,,,,,,,,,,,,,,,,Wal Schneider,Ana Clara Couto,,,,,,
,,,,,,,,,Marcelo Brou,,,,,,Roberto Frota,,,,,Guida Vianna,,Guilherme Vieira,,,,,,Fernando Eiras,,,,,Hilda Rebello,Roberto Lopes,,,,,,Silvia Buarque,,Carmem Veronica,,,Larissa Biondo,Clara Tiezzi,,Nelson Diniz,Cristina Sano,Barbara Maia,Janine Salles,,Klara Castanho,,Nicolas Paixao,,,,Sergio Malheiros,Raquel Villar,Karine Carvalho,,Renatta Gomes,,Gabriel Palhares,,Joe Ribeiro,,,,Juliana Lohmann,,Carlos Vereza,,,,,,,,,,,,Maureen Miranda,,,Alexandre Rodrigues,,,,,Maria Monica Passos,Julia Konrad,,,,,,
,,,,,,,,,Pedro Nercessian,,,,,,Luciele di Camargo,,,,,Isabela Lobatto,,,,,,,,Ligia Cortez,,,,,Amanda Azevedo,Antonio Firmino,,,,,,Antonio Carlos,,,,,,,,Daniel Marques,,,,,,,,,,,Ayumi Irie,Adriano Toloza,Fabio Yoshihara,,Vitor Figueiredo,,,,,,,,,,Daniela Fontan,,,,,,,,,,,,,,,,,,,,Jose Santa Cruz,,,,,,,
,George Bezerra,Arlete Heringer,,Joao Paulo Biancardini,Ricardo Pavao,,,,Perry Salles,Cassiano Carneiro,Jana Palma,Claudio Mendes,,Bruno Ferrari,Claudio Marzo,Larissa Queiroz,Aimee Ubacker,Renato Rabello,,Helena Ranaldi,Ricardo Marecos,Maria Gladys,Keruse Bongiolo,Maria Helena Velasco,Vitor Morosini,Creo Kellab,Bruna Marquezine,Grazi Massafera,Mariana Vaz,Igor Rudolf,Erika Mader,Marcela Rosis,Flavio Migliaccio,Julia Almeida,Gilberto Hernandez,,Olivia Araujo,Claudia Missura,Claudia Netto,Duda Nagle,Thommy Schiavo,Neusa Maria Faro,Hugo Resende,Darlan Cunha,Claudio Galvan,Ricardo Duque,Laura Barreto,Jose Augusto Branco,Cosme dos Santos,Ilva Nino,David Lucas,Malu Valle,Flavio Bauraqui,Andre Luiz Miranda,Juliana Martins,Eunice Braulio,,Moro Anghileri,Cris Nicolotti,Nathalia Timberg,Aninha Lima,Roney Villela,Alexandre Slaviero,,Fagundes Emanuel,Cyria Coentro,Juliana Boller,Marizabel Pacheco,Simone Gutierrez,,Marcio Rosario,Sylbeth Soriano,Felipe Fagundes,Jackson Antunes,Rodrigo Rangel,Sergio Fonta,,Ananda Ismail,Igor Pushinov,Felipe Mago,Gabriel Chadan,Marjorie Gerardi,Alice Morena,Lucy Ramos,Barbara Reis,Alamo Faco,Beatriz Campos,Cesar Ferrario,Anselmo Fernandes,Jacqueline Sato,,Carlos Betao,Guilherme Hamacek,Giullia Buscacio,Renata Imbriani,Max Lima,Mel Maia,Gabrielle Joie,,MC Cabelinho
,Sokram Sommar,Flavia Guimaraes,,,Rosaly Papadopol,,,,Sthefany Brito,Pedro Bricio,Pedro Malta,Tatiana Monteiro,,Luiza Curvo,Xuxa Lopes,Camille Hess,Pedro Malta,Viviane Porto,,Marcela Barrozo,Paco Sanches,Guilhermina Guinle,Michel Bercovitch,Luiz Melodia,Enrica Duncan,Alexander Sil,Rafael Ciani,Sthefany Brito,Thiago Luciano,Larissa Biondo,Patricia Naves,Caetano O'Maihlan,Ricardo Duque,Armando Babaioff,Bruna Marquezine,,Rosa Marya Colin,Fabricio Boliveira,Sandro Christopher,Vitoria Frate,Eduardo Di Tarso,Cristina Mutarelli,Gisela Reimann,Janaina Avila,Cristina Amadeo,Rafael Zulu,Douglas Moreira,Norma Blum,Daniela Fontan,Emilio de Mello,Katia Morais,Rita Clemente,Paula Barbosa,Joao Fernandes,Aramis Trindade,Andre Arteche,,Gesio Amadeu,Wandi Doratiotto,Ary Fontoura,Guta Ruiz,Ravel Cabral,Elina de Souza,,Jessica Ellen,Deto Montenegro,Jonas Torres,Eduardo Gaspar,Rodrigo Lopez,,Gregoire Blanzat,Fernanda Heras,Thommy Schiavo,Lorena da Silva,Ana Paula Botelho,Marcio Tadeu de Lima,,,Sabrina Souza,Lucas Sapucahy,Arlindo Lopes,Julia Marini,Theo de Almeida Lopes,Raul Gazolla,Mauricio Destri,Fabio Felipe,Jorge de Sa,Rafael Losso,,Vania de Brito,,Ariane Souza,Catarina de Carvalho,Marcelo Mello Jr.,Duda Wendling,Yasmin Garcez,Cadu Libonati,Caio Cabral,,Aldene Abreu
,Emanuelle Soncini,Cynthia Benini,,,Daniela Faria,,,,Yuri Xavier,Vitor Novello,Miguel Romulo,Renata Soffredini,,Karine Carvalho,Julia Almeida,Thiago Oliveira,Thais Muller,Yeda Dantas,,Thadeu Matos,Sergio Malheiros,Jorge de Sa,Ronnie Marruda,Sonia Siqueira,Juliana Kametani,,Matheus Costa,Duda Nagle,Nina Mesquita,Sofia Terra,Larissa Queiroz,Marc Franken,Rafael Calomeni,Adriana Alves,Julia Matos,,Maria Laura Nogueira,Mario Gomes,Luca de Castro,Maria Maya,,Roney Facchini,Rafaela Fischer,Anderson Lau,Isabela Meirelles,Cacau Protasio,Frederico Wolkmann,Kiko Pissolato,Vera Mancini,Patricia Werneck,Ricardo Blat,Duda Mamberti,Larissa Vereza,Gabriella Saraivah,Lady Francisco,Romis Ferreira,,Elias Gleizer,Noemi Marinho,Vera Zimmerman,Marcos Damigo,Bege Muniz,Claudia Mauro,,Juliana Martins,Dyego Menezes,Dani Barros,Julia Oristanio,Norival Rizzo,,Raffael Pietro,Werles Pajero,Maria Monica,Vinicius de Oliveira,Cadu Paschoal,Claudio Tovar,,,,,Priscila Camargo,Max Lima,Alex Morenno,Lua Blanco,Felipe Simas,Ana Isabela Godinho,Ricardo Pavao,Patricia Elizardo,,Herton Gustavo,,Ella Nascimento,Cadu Libonati,Eduardo Speroni,Alana Cabral,Breno Delatorre,Joao Gabriel D'Aleluia,Marcelo Flores,,Xama
,Rachel Nunes,Leon Goes,,,Leandro Ribeiro,,,,Jandira Martini,Thereza Piffer,Dorgival Junior,,,Alexandre Barbalho,Regina Braga,Thaiane Maciel,Thamirez Gutierrez,Renato Chocair,,Miriam Pires,Guta Goncalves,Thelma Reston,Mariah da Penha,Rui Rezende,Eduardo Hashimoto,,Carolina Magalhaes,Luciele di Camargo,Edward Boggis,Joao Vieira,Raquel Parpnelli,Fernanda Biancamanno,Marcelo Medici,Ivan de Almeida,Leonardo Rocha,,Pedro Garcia Netto,Bel Kutner,Isaac Bardavid,Elias Gleizer,,Kenya Costta,Sandra Barsotti,Alexandra Martins,Izak Dahora,Yacana Martins,Luigi Matheus,Leandro Lima,Juliana Schalch,Glicerio Rosario,Andre Garolli,Tadeu di Pietro,Hermila Guedes,Lucas Simoes,Maria Pompeu,Tiao D'Avila,,Martha Nieto,Carmem Veronica,Leona Cavalli,Paula Burlamaqui,Diego Homci,Remo Rocha,,Claudio Mendes,Rodrigo Pavon,Roberto Birindelli,Luis Navarro,Lana Guelero,,Jose Rubens Chacha,Maria Eduarda Miliante,Flavio Ortiz,Oscar Magrini,Dhonata Augusto,Marcelo Goncalves,,,,,Hugo Resende,Ravel Andrade,,Dig Dutra,Konstantinos Sarris,Regiana Antonini,Joelson Medeiros,Pedro Carvalho,,Luana Xavier,,Renan Motta,Anna Rita Cerqueira,Jaffar Bambirra,,Rafael Sun,Branca Previliato,Shirley Cruz,,Alex Patricio
,,Paulo Zulu,,,Daniel Erthal,,,,Raul Gazolla,Cristina Amadeo,Nathalia Franca,,,Vanessa Pascale,Umberto Magnani,Nathalia Franca,Joao Vitor Silva,Francisco Fortes,,Reinaldo Gonzaga,Arthur Lopes,Angela Rebello,Hilda Rebello,,Angelita Feijo,,Giselle Batista,Lucci Ferreira,Renata Castro Barbosa,,Maria Eduarda de Carvalho,Pedro Garcia Netto,Renata Castro Barbosa,Chica Xavier,Ora Figueiredo,,Tamara Taxman,Alexandre Schumacher,Thelma Reston,Eva Todor,,Carina Porto,Miwa Yanagizawa,Paulo Leal de Melo,Eduardo Mancini,Thiago Picchi,Brenda Diniz,Leonardo Carvalho,Suzy Rego,Antonio Karnewale,Guida Vianna,Ana Petta,Jose Bittencourt,Ana Giulia Zortea,Olivia Araujo,Rui Ricardo Dias,,Gisele Alves,Mila Moreira,Christiane Tricerri,Alexandre Rodrigues,Tiago Homci,Jorge de Sa,,Dja Marthins,,Roberto Bomfim,Caio Manhente,Rodrigo Serrano,,Zezeh Barbosa,,Gabriella Saraivah,Sefora Rangel,Regina Sampaio,Gabriel Canella,,,,,Gil Coelho,Rodrigo dos Santos,,Antonio Carlos,Bukassa Kabengele,Zecarlos Moreno,Fatima Montenegro,Anderson Di Rizzi,,Thiago Justino,,Jean Amorim,Debora Ozorio,Ines Peixoto,,Leticia Carnaval,Catarina de Carvalho,Rafael Oliveira,,Tobias Carrieres
,,Max Fercondini,,,Anna Cotrim,,,,Totia Meireles,Bruno Bezerra,Jessica Marina,,,Elaine Mickely,Pitty Webbo,Natalia Souto,Pedro Henrique Cruz,Guilherme Vieira,,Italo Rossi,,Chica Xavier,David Lucas,,Giacomo Pinotti,,Michelle Batista,Silvia Salgado,Rosina Lobosco,,Antonia Fontenelle,Fabio Keldani,Valeria Sandalo,Ricardo Blat,Cinara Leal,,Diego Francisco,Selma Egrei,Duse Nacaratti,Vera Fischer,,Diego Cristo,Cristina Flores,Cassio Inacio,Bia Sion,Carolinie Figueiredo,Roberta Piragibe,Vitor Novello,Flavia Garrafa,Flavia Rubim,Monica Carvalho,Renatta Gomes,Maria Clara Mattos,Hannah Zeitoune,Hugo Resende,Lais Vieira,,Renata Roberta,Dorival Carper,Julio Rocha,Vicentini Gomez,Celso Reeks,Maria Pompeu,,Bel Wilker,,Roberto Pirillo,Giovanna Rispoli,Pedro Farah,,Ricardo Blat,,Alinne Moraes,Ilya Sao Paulo,Wendell Bendelack,Pedro Farah,,,,,Bia Montez,,,Joao Bravo,Jose de Abreu,Beto Vandesteen,Marcel Octavio,Priscila Assum,,Amauri Reis,,Gabriela Moreyra,Vera Fischer,Guida Vianna,,Sophia Roffe,Glaucio Gomes,Icaro Amado,,Caca Ottoni
,,,,,,,,,Paula Pereira,,,,,,Waldir Gozzi,,,,,Elisio Lage,,Daniel Torres,,,,,,Xuxa Lopes,,,,,Ilya Sao Paulo,Sylvia Massari,,,,,,Rosane Gofman,,Renata Castro Barbosa,,,Luisa Gonzalez,Julio Oliveira,,Susana Ribeiro,Luana Tanaka,Joao Fernandes,Italo Guerra,,Luisa Gonzalez,,Bia Passos,,,,Carolinie Figueiredo,Pierre Baitelli,Jorge Maya,,Wilson Rabelo,,Gustavo Henzel,,Kiria Malheiros,,,,Maria Assuncao,,Leticia Persiles,,,,,,,,,,,,Rose Abdallah,,,,,,,,Irma Zelia,Robson Santos,,,,,,
,,,,,,,,,Franciely Freduzeski,,,,,,Andre Bicudo,,,,,Xando Graca,,,,,,,,Walderez de Barros,,,,,Abrahao Farc,Debora Olivieri,,,,,,Darlan Cunha,,Sonia de Paula,,,,Maria Carol Rebello,,Prazeres Barbosa,Carol Murai,Matheus Costa,Fabio Keldani,,,,,,,,Bruna Hamu,Renata Castro Barbosa,Adelio Lima,,Allan Souza Lima,,Manuela Simoes,,Drico Alves,,,,Hilton Castro,,Caio Paduan,,,,,,,,,,,,Mario Mendes,,,,,,,,Andrea Dantas,Fabio Tokay,,,,,,
,,,,,Renata Castro Barbosa,,,,Neuza Borges,Bruno Cariatti,Caca Bueno,,,Edward Boggis,Daniel Zettel,Samuel Melo,,Marcela Barrozo,,Silvia Salgado,,Hugo Gross,Renan Ribeiro,,Ivone Hoffmann,,Tina Kara,Luciano Chirolli,Guilherme Vieira,,Ildi Silva,Marcella Valente,Ze Victor Castiel,Susana Ribeiro,Miguel Oliveira,,Gabrielly Nunes,Thiare Maia,Nil Neves,Andre Goncalves,,Dhu Moraes,Ana Carolina Dias,Gilberto Miranda,Daniela Fontan,Izabella Bicalho,,Polliana Aleixo,Neusa Maria Faro,Edmilson Barros,Ana Rosa,Debby Lagranha,Rosane Gofman,Roberta Piragibe,Edney Giovenazzi,Luisa Friese,,Vitor Figueiredo,Sylbeth Soriano,Cristina Mutarelli,Giovanna Ewbank,Simon Petracchi,Rafael Zulu,,Marilia Martins,,Jackson Antunes,Renata Ricci,Nina Frosi,,Carolina Pismel,,Rafael Cardoso,Danilo Ferreira,Patricia Costa,Werles Pajero,,,,,Jorge Lucas,,,Lorenzo Sousa,Kiria Malheiros,Rodrigo Mathias,Gustavo Arthiddoro,Arthur Aguiar,,Emmilio Moreira,,Davi Queiroz,Gertrude Trindade,Josefa da Cruz,,,Luciana Fernandes,Felipe Coutinho,,Beatrice Sayd
,,,,,Nana Gouvea,,,,Roberto Bonfim,Sergio Rufino,Ramon Francisco,,,Sonia Siqueira,Giselle Policarpo,,,Luiz Antonio,,Andre Mattos,,Roberta Rodrigues,Pamella Rodrigues,,Lorena da Silva,,Renata Ghelli,Ana Botafogo,Julia Ruiz,,Francisco Nagem,Claudio Andrade,Roberto Bataglin,Eri Johnson,,,Alice Borges,Raquel Galvao,Murilo Grossi,Marcius Melhem,,Thalma de Freitas,Thaissa Carvalho,Rafa Martins,Gilberto Torres,Hilda Rebello,,Thiago de Los Reyes,Guilherme Nasraui,Wagner Molina,Jaime Leibovitch,Deborah Kalume,Tony Tornado,,Claudio Tovar,Rogerio Freitas,,Serena Lovatel,Thiago Amaral,Mouhamed Harfouch,Cristiane Amorim,JP Rufino,Jose Rubens Chacha,,Nado Grimberg,,Julio Machado,Lyv Ziese,Luciana Rigueira,,Eduardo Melo,,Paolla Oliveira,Leticia Braga,Lana Guelero,JP Rufino,,,,,Mauricio Machado,,,,Luiz Felipe Mello,Isabela Lima,,Gabriella Mustafa,,Marcio Vito,,Icaro Zulu,Evandro Mesquita,Viviane Araujo,,,Jardel Camelo,David Reis,,Clara Galinari
,,,,,Osvaldo Mil,,,,Sebastiao Vasconcellos,,,,,Ricardo Kosowski,Tiao D'Avila,,,Samuel Melo,,Stella Freitas,,Luis Salem,Caroline Smith,,Carmen Frenzel,,,Buza Ferraz,Gabriel Canella,,Thais Garayp,Maria Clara Mattos,Ligia Cortez,Debora Nascimento,,,Claudia Netto,Giovanna Ewbank,Alby Ramos,Cacau Melo,,Alexandre Moreno,Roberta Almeida,Isabel Lobo,Sonia Zagury,Marcelo Barros,,Pedro Garcia Netto,Cristina Mutarelli,Cristiane Amorim,Danilo Sacramento,Julia Gomes,Nica Bonfim,,Rafaela Amado,Marcos Acher,,Vitoria Lovatel,Miguel Arraes,Paula Braun,Land Vieira,Nathalia Alvim,Magdale Alves,,Susana Ribeiro,,Lidi Lisboa,Pedro Pauleey,,,Claudio Fontana,,Emilio Dantas,Alice Sigmaringa,Vanessa Pascale,Xande Valois,,,,,Carmen Frenzel,,,,Xande Valois,Gilberto Marmorosch,,Malu Rodrigues,,Tony Correia,,Tarsila Lima,Luciana Vendramini,Roberto Birindelli,,,Thiago Thome,Rosana Dias,,Pedro Guilherme Rodrigues
,,,,,Bruno Giordano,,,,Ruth de Souza,,,,,Marcela Barrozo,Walderez de Barros,,,Sabrina de Souza,,Cristina Mullins,,Carol Machado,,,Marina Ruy Barbosa,,,Tato Gabus Mendes,Caroline Smith,,Yacana Martins,Rodrigo Guimaraes,Rosane Gofman,Sergio Vieira,,,Ana Karolina Lannes,Cleide Eunice Queiroz,Renata Vilela,Julia Almeida,,Marcelo Barros,Marcia di Milla,Alexandre Cioletti,Ewe Pamplona,Marcos Tumura,,Andre Barros,Ary Franca,Aramis Trindade,Rodrigo Hilbert,Nathalia Costa,Flavia Garrafa,,Sergio Malheiros,Daniel Marques,,,Izabella Bicalho,Angela Dip,Cacau Protasio,Lucas Simoes,Tania Toko,,Andrea Dantas,,Ana Paula Botelho,Dja Marthins,,,Iuri Kruschewsky,,Ana Beatriz Nogueira,Andrew Vieira,Isabella Koppel,Nathalia Costa,,,,,Gustavo Merighi,,,,Isabella Koppel,Bruno Nunes,,Bruno Montaleone,,JP Rufino,,Ygor Marcal,Marcelo Laham,Adriana Lessa,,,Chan Suan,Alessandro Moussa,,Gabriel Palhares
,,,,,Haydil Linhares,,,,Guilherme Karan,,,,,Ana Beatriz Cisneiros,Sonia Guedes,,,Caca Bueno,,Gottsha,,Sylvia Massari,,,Thomaz Veloso,,,Louise Cardoso,Vitoria Pina,,Nildo Parente,Rogerio Faria,Henri Pagnoncelli,Jackson Costa,,,Nemora Cavalheiro,Aramis Trindade,Eike Duarte,Cissa Guimaraes,,Hilda Rebello,Gabriela Fercia,Xandy Britto,Jose Bittencourt,Felipe Luhan,,Cristina Galvao,Andre Bankoff,Carolina Loback,Joana Lerner,Bia Petrenchunk,Gilberto Torres,,Nado Grimberg,Cesar Mello,,,Mariah da Penha,Lucia Verissimo,Dja Marthins,,Monique Curi,,David Junior,,Luciana Pacheco,,,,Tuna Dwek,,Irene Ravache,Caua Antunes,Kaik Brum,,,,,,Carolina Lopez,,,,Juliane Araujo,Romulo Delduque,,Alejandro Claveaux,,Theo de Almeida Lopes,,,Flavia Garrafa,Lucci Ferreira,,,Samira Lochter,Mariana Alves,,Gianlucca Mauad
,,,,,Gustavo Ottoni,,,,Eri Johnson,,,,,Adrielle Isidorio,Roberta Rodrigues,,,Jean Felipe,,Jessica Sodre,,Jorge Maya,,,,,,Armando Babaioff,Julia Matos,,Flavia Pyramo,Vivian Pimentel,Ilva Nino,Guida Viana,,,Marcella Valente,Mariah da Penha,Amelia Bittencourt,Betty Gofman,,Guilherme Duarte,As criancas,Polliana Aleixo,Giovanna Ewbank,Ana Paula Pedro,,Edson Fieschi,Ildi Silva,Dja Marthins,Sandro Pedroso,,Nuno Leal Maia,,Fabio Neppo,,,,Thais Garayp,Sandra Corveloni,Clementino Kale,,Carla Cristina Cardoso,,Fabio Neppo,,Ravel Andrade,,,,Francoise Forton,,Luiz Carlos Vasconcelos,Sthefany Leite,Leonardo Lima Carvalho,,,,,,Rafael Lozano,,,,Ricardo Blat,Luis Navarro,,Narjara Turetta,,,,,Ana Rios,Josie Pessoa,,,,Joao Bravo,,
,,,,,Paulo Vespucio,,,,Silvio Guindane,,,,,Clesley Delfino,Arlete Heringer,,,,,Agles Steib,,Ivan Candido,,,,,,Manuela do Monte,Luana Dandara,,Vitor Novello,Rick Garcia,Ary Franca,Thais de Campos,,,Roberto Frota,Alexandre Damascena,Josie Antello,Mara Manzan,,Pedro Garcia Netto,Klara Castanho,Ana Karolina Lannes,Matheus Costa,Viviane Netto,,Antonio Fragoso,Dhu Moraes,Isabel Mello,Vitor Davi,,Camila Amado,,Luka Ribeiro,,,,Monica Torres,Genezio de Barros,Bia Guedes,,Gisele Alves,,Antonio Fragoso,,Italo Guerra,,,,Daniel Ribeiro,,Julia Lemmertz,,Juliana Louise,,,,,,Cesar Mello,,,,Ana Miranda,Thiare Maia,,Juliane Araujo,,,,,Pedroca Monteiro,Lyv Ziese,,,,Valentina Vieira,,
,,,,,,,,,Gustavo Ottoni,,,,,,Caco Baresi,,,,,Derlan Henriques,,,,,,,,Henrique Cesar,,,,,Tiago Salomone,Paulinho Serra,,,,,,Clarice Derzie Luz,,,,,,,,Rita Porto,,,Josie Pessoa,,,,,,,,Marcus Rigonatti,Camila Chiba,Xande Valois,,Maria Luisa Torrens,,,,,,,,,,Flora Diegues,,,,,,,,,,,,,,,,,,,,Hakima,Vittoria Seixas,,,,,,
,,,,,Aldri D'anunciacao,,,,Murilo Grossi,,,,,Clasley Delfino,Renata Pitanga,,,,,Leonardo Carvalho,,Simone Soares,,,,,,Nathalia Timberg,Renan Ribeiro,,Thavyne Ferrari,Pedro Kaua Araujo,Marcelo Barros,Gottsha,,,Andre Luiz Frambach,Eduardo Melo,Ernesto Xavier,Thais Garayp,,Ludoval Campos,Caio Manhente,Rebeca Orestein,Anna Rita Cerqueira,Lucia Bronstein,,Carla Lamarca,Mauro Gorini,Alessandro Tcche,Bianca Salgueiro,,Paula Loffler,,Breno Nina,,,,Samya Pascotto,Angela Rebello,Mabel Cezar,,Ju Colombo,,Thiago de Los Reyes,,Laercio Fonseca,,,,Alice Borges,,Nivea Maria,,Caue Campos,,,,,,Amanda Mirasci,,,,Izak Dahora,Marcio Kieling,,Daniela Fontan,,,,,Marcelo Escorel,Mila Carmo,,,,,,
,,,,,Thiago Farias,,,,Myrian Rios,,,,,,Laura Lustosa,,,,,Roberto Lopes,,Ronaldo Tasso,,,,,,Andre Frateschi,,,Dudu Cury,Rafael Ritto,Rafael Zulu,Flavio Bauraqui,,,Murilo Grossi,Hanna Romanazzi,Elder Gatelli,Neuza Borges,,Flavio Bauraqui,,Jenifer de Oliveira Andrade,Joao Fernandes,Luis Andre Alvim,,Guilherme Leme,Miwa Yanagizawa,Marcelo Flores,Guilherme Leicam,,Bruno Pereira,,Alexandre David,,,,Pedro Inoue,Sophia Abrahao,Adriano Bolshi,,Lionel Fischer,,Pedro Inoue,,Leanddro Rocha,,,,Maureen Miranda,,Felipe Camargo,,,,,,,,Marco Marcondes,,,,Melissa Vettore,Rafhaela Castro,,Sergio Fonta,,,,,Dr. Fabricio Nunes,Simone Zucato,,,,,,
,,,,,Camilla Farias,,,,Thalma de Freitas,,,,,,Joana Medeiros,,,,,Luiz Henrique Nogueira,,Bumba,,,,,,Daniela Galli,,,,Julia Oliva,Lena Roque,Viviane Victorette,,,Ricardo Pavao,Sofia Terra,Luciana Mivitami,Sidney Santiago,,Joelson Medeiros,,,Yago Machado,Rosanna Viegas,,Wendell Bendelack,Chao Chen,Renan Ribeiro,Alexandra Martins,,Flavia Reis,,Gustavo Mendes,,,,Keruse Bongiolo,Carlos Machado,Beth Zalcman,,Nicole Evangeline,,Laura Prado,,Luciana Malcher,,,,Cristina Lago,,Dani Barros,,,,,,,,Marjorie Bernardes,,,,Joao Pedro Zappa,Leandra Caetano,,Luciana Fernandes,,,,,Cosme dos Santos,Talita Fusco,,,,,,
,,,,,,,,,Noris Barth,,,,,,Wilson Cardozo,,,,,,,,,,,,,Quiteria Chagas,,,,,,Raquel Villar,,,,,,Cadu Paschoal,,,,,,,,,,,,,,,,,,,,Gabriel Chadan,,,,,,,,,,,,,Juca de Oliveira,,,,,,,,,,,,,,,,,,,,Teresa Monteiro Castelo,,,,,,,
,,,,,,,,,Lua Ubacker,,,,,,Idelceia Santos,,,,,,,,,,,,,Carolina Bezerra,,,,,,Glaucio Gomes,,,,,,Nahuana Costa,,,,,,,,,,,,,,,,,,,,Vera Ferreira,,,,,,,,,,,,,Elisa Brites,,,,,,,,,,,,,,,,,,,,Otavio Martins,,,,,,,
,,,,,,,,,,,,,,,Bruna Marquezine,,,,,,,,,,,,,Rafael Machado,,,,,,Gilberto Miranda,,,,,,Laura Barreto,,,,,,,,,,,,,,,,,,,,Marcelo Flores,,,,,,,,,,,,,Klara Castanho,,,,,,,,,,,,,,,,,,,,Henrique Buchan Castelo,,,,,,,
,,,,,,,,,,,,,,,Victor Cugula,,,,,,,,,,,,,Marcos Henrique,,,,,,Isabela Lobato,,,,,,Joao Fernandes,,,,,,,,,,,,,,,,,,,,,,,,,,,,,,,,,Ze Carlos Machado,,,,,,,,,,,,,,,,,,,,Maria Luiza Galhano,,,,,,,
,,,,,,,,,,,,,,,Diego Goncalves,,,,,,,,,,,,,Pedro Jordao,,,,,,Bia Mussi,,,,,,,,,,,,,,,,,,,,,,,,,,,,,,,,,,,,,,,Caetano O'Maihlan,,,,,,,,,,,,,,,,,,,,,,,,,,,
,,,,,,,,,,,,,,,Marcel Miranda,,,,,,,,,,,,,Gabriel Lepsch,,,,,,Raphael Martinez,,,,,,,,,,,,,,,,,,,,,,,,,,,,,,,,,,,,,,,Maria Joana,,,,,,,,,,,,,,,,,,,,,,,,,,,
,,,,,,,,,,,,,,,,,,,,,,,,,,,,,,,,,,Gabriel Sequeira,,,,,,,,,,,,,,,,,,,,,,,,,,,,,,,,,,,,,,,Cadu Libonati,,,,,,,,,,,,,,,,,,,,,,,,,,,
,,,,,,,,,,,,,,,,,,,,,,,,,,,,,,,,,,Luana Dandara,,,,,,,,,,,,,,,,,,,,,,,,,,,,,,,,,,,,,,,Roberto Pirillo,,,,,,,,,,,,,,,,,,,,,,,,,,,
,,,,,,,,,,,,,,,,,,,,,,,,,,,,,,,,,,Lucas Barros,,,,,,,,,,,,,,,,,,,,,,,,,,,,,,,,,,,,,,,Norma Blum,,,,,,,,,,,,,,,,,,,,,,,,,,,
,,,,,,,,,,,,,,,,,,,,,,,,,,,,,,,,,,Rafaela Victor,,,,,,,,,,,,,,,,,,,,,,,,,,,,,,,,,,,,,,,Wagner Santisteban,,,,,,,,,,,,,,,,,,,,,,,,,,,
,,,,,,,,,,,,,,,,,,,,,,,,,,,,,,,,,,Raphael Rodrigues,,,,,,,,,,,,,,,,,,,,,,,,,,,,,,,,,,,,,,,Ana Flavia Cavalcanti,,,,,,,,,,,,,,,,,,,,,,,,,,,
,,,,,,,,,,,,,,,,,,,,,,,,,,,,,,,,,,,,,,,,,,,,,,,,,,,,,,,,,,,,,,,,,,,,,,,,,Nica Bonfim,,,,,,,,,,,,,,,,,,,,,,,,,,,
,,,,,,,,,,,,,,,,,,,,,,,,,,,,,,,,,,,,,,,,,,,,,,,,,,,,,,,,,,,,,,,,,,,,,,,,,Marcelo Torreao,,,,,,,,,,,,,,,,,,,,,,,,,,,
,,,,,,,,,,,,,,,,,,,,,,,,,,,,,,,,,,,,,,,,,,,,,,,,,,,,,,,,,,,,,,,,,,,,,,,,,Cassiano Carneiro,,,,,,,,,,,,,,,,,,,,,,,,,,,
,,,,,,,,,,,,,,,,,,,,,,,,,,,,,,,,,,,,,,,,,,,,,,,,,,,,,,,,,,,,,,,,,,,,,,,,,Saulo Arcoverde,,,,,,,,,,,,,,,,,,,,,,,,,,,
,,,,,,,,,,,,,,,,,,,,,,,,,,,,,,,,,,,,,,,,,,,,,,,,,,,,,,,,,,,,,,,,,,,,,,,,,Gustavo Machado,,,,,,,,,,,,,,,,,,,,,,,,,,,
,,,,,,,,,,,,,,,,,,,,,,,,,,,,,,,,,,,,,,,,,,,,,,,,,,,,,,,,,,,,,,,,,,,,,,,,,Paula Possani,,,,,,,,,,,,,,,,,,,,,,,,,,,
,,,,,,,,,,,,,,,,,,,,,,,,,,,,,,,,,,,,,,,,,,,,,,,,,,,,,,,,,,,,,,,,,,,,,,,,,Joao Pedro Zappa,,,,,,,,,,,,,,,,,,,,,,,,,,,
,,,,,,,,,,,,,,,,,,,,,,,,,,,,,,,,,,,,,,,,,,,,,,,,,,,,,,,,,,,,,,,,,,,,,,,,,Roberto Birindelli,,,,,,,,,,,,,,,,,,,,,,,,,,,
,,,,,,,,,,,,,,,,,,,,,,,,,,,,,,,,,,,,,,,,,,,,,,,,,,,,,,,,,,,,,,,,,,,,,,,,,Isabel Gueron,,,,,,,,,,,,,,,,,,,,,,,,,,,
,,,,,,,,,,,,,,,,,,,,,,,,,,,,,,,,,,,,,,,,,,,,,,,,,,,,,,,,,,,,,,,,,,,,,,,,,Gabriella Saraivah,,,,,,,,,,,,,,,,,,,,,,,,,,,
,,,,,,,,,,,,,,,,,,,,,,,,,,,,,,,,,,,,,,,,,,,,,,,,,,,,,,,,,,,,,,,,,,,,,,,,,Enzo Simi,,,,,,,,,,,,,,,,,,,,,,,,,,,
,,,,,,,,,,,,,,,,,,,,,,,,,,,,,,,,,,,,,,,,,,,,,,,,,,,,,,,,,,,,,,,,,,,,,,,,,Thommy Schiavo,,,,,,,,,,,,,,,,,,,,,,,,,,,
,,,,,,,,,,,,,,,,,,,,,,,,,,,,,,,,,,,,,,,,,,,,,,,,,,,,,,,,,,,,,,,,,,,,,,,,,Camilla Carandino,,,,,,,,,,,,,,,,,,,,,,,,,,,
